age,sex,year,pops,reg
0,men,0,392935,Overall
1,men,0,396884,Overall
2,men,0,404718,Overall
3,men,0,417312,Overall
4,men,0,409813,Overall
5,men,0,395634,Overall
6,men,0,400507,Overall
7,men,0,414996,Overall
8,men,0,421927,Overall
9,men,0,438381,Overall
10,men,0,483169,Overall
11,men,0,475726,Overall
12,men,0,489921,Overall
13,men,0,480312,Overall
14,men,0,470534,Overall
15,men,0,453929,Overall
16,men,0,454887,Overall
17,men,0,459468,Overall
18,men,0,473417,Overall
19,men,0,473102,Overall
20,men,0,477650,Overall
21,men,0,457801,Overall
22,men,0,457650,Overall
23,men,0,458601,Overall
24,men,0,455090,Overall
25,men,0,447628,Overall
26,men,0,456302,Overall
27,men,0,466330,Overall
28,men,0,515008,Overall
29,men,0,574313,Overall
30,men,0,601720,Overall
31,men,0,651384,Overall
32,men,0,685560,Overall
33,men,0,704449,Overall
34,men,0,728342,Overall
35,men,0,736331,Overall
36,men,0,749932,Overall
37,men,0,744886,Overall
38,men,0,720896,Overall
39,men,0,709640,Overall
40,men,0,689345,Overall
41,men,0,670445,Overall
42,men,0,636807,Overall
43,men,0,625111,Overall
44,men,0,608951,Overall
45,men,0,590209,Overall
46,men,0,578076,Overall
47,men,0,559480,Overall
48,men,0,561028,Overall
49,men,0,551799,Overall
50,men,0,555783,Overall
51,men,0,541240,Overall
52,men,0,499508,Overall
53,men,0,470022,Overall
54,men,0,413161,Overall
55,men,0,363177,Overall
56,men,0,486226,Overall
57,men,0,496435,Overall
58,men,0,482519,Overall
59,men,0,582627,Overall
60,men,0,612708,Overall
61,men,0,599067,Overall
62,men,0,556196,Overall
63,men,0,516423,Overall
64,men,0,496994,Overall
65,men,0,476487,Overall
66,men,0,438602,Overall
67,men,0,348349,Overall
68,men,0,341213,Overall
69,men,0,340990,Overall
70,men,0,351468,Overall
71,men,0,333656,Overall
72,men,0,321726,Overall
73,men,0,279219,Overall
74,men,0,251307,Overall
75,men,0,229926,Overall
76,men,0,191395,Overall
77,men,0,177525,Overall
78,men,0,176183,Overall
79,men,0,168418,Overall
80,men,0,151113,Overall
81,men,0,105464,Overall
82,men,0,61600,Overall
83,men,0,53501,Overall
84,men,0,52068,Overall
85,men,0,59120,Overall
86,men,0,64986,Overall
87,men,0,56071,Overall
88,men,0,46336,Overall
89,men,0,34754,Overall
90,men,0,30662.7448857556,Overall
91,men,0,26431.0797916194,Overall
92,men,0,19709.006904431,Overall
93,men,0,11440.138001426,Overall
94,men,0,4651.41615538974,Overall
95,men,0,1192.05767556191,Overall
0,women,0,373405,Overall
1,women,0,375550,Overall
2,women,0,384336,Overall
3,women,0,396212,Overall
4,women,0,388462,Overall
5,women,0,375908,Overall
6,women,0,379620,Overall
7,women,0,394143,Overall
8,women,0,402571,Overall
9,women,0,417387,Overall
10,women,0,458947,Overall
11,women,0,453805,Overall
12,women,0,465085,Overall
13,women,0,455264,Overall
14,women,0,448952,Overall
15,women,0,433428,Overall
16,women,0,432187,Overall
17,women,0,436924,Overall
18,women,0,450992,Overall
19,women,0,456966,Overall
20,women,0,465312,Overall
21,women,0,446589,Overall
22,women,0,445665,Overall
23,women,0,447026,Overall
24,women,0,443852,Overall
25,women,0,433517,Overall
26,women,0,444535,Overall
27,women,0,453327,Overall
28,women,0,496997,Overall
29,women,0,551662,Overall
30,women,0,575601,Overall
31,women,0,620242,Overall
32,women,0,652081,Overall
33,women,0,671717,Overall
34,women,0,691740,Overall
35,women,0,694690,Overall
36,women,0,710035,Overall
37,women,0,706184,Overall
38,women,0,687218,Overall
39,women,0,680963,Overall
40,women,0,661716,Overall
41,women,0,643592,Overall
42,women,0,610812,Overall
43,women,0,600733,Overall
44,women,0,588086,Overall
45,women,0,574575,Overall
46,women,0,570414,Overall
47,women,0,556603,Overall
48,women,0,559370,Overall
49,women,0,550121,Overall
50,women,0,553882,Overall
51,women,0,535061,Overall
52,women,0,491649,Overall
53,women,0,465744,Overall
54,women,0,410209,Overall
55,women,0,366969,Overall
56,women,0,488949,Overall
57,women,0,496735,Overall
58,women,0,484176,Overall
59,women,0,591255,Overall
60,women,0,627303,Overall
61,women,0,619549,Overall
62,women,0,579887,Overall
63,women,0,544614,Overall
64,women,0,533105,Overall
65,women,0,517661,Overall
66,women,0,482088,Overall
67,women,0,391219,Overall
68,women,0,392494,Overall
69,women,0,401566,Overall
70,women,0,425895,Overall
71,women,0,414767,Overall
72,women,0,412181,Overall
73,women,0,392289,Overall
74,women,0,397629,Overall
75,women,0,400034,Overall
76,women,0,378282,Overall
77,women,0,365601,Overall
78,women,0,368247,Overall
79,women,0,373190,Overall
80,women,0,352668,Overall
81,women,0,253103,Overall
82,women,0,153855,Overall
83,women,0,137436,Overall
84,women,0,140921,Overall
85,women,0,169898,Overall
86,women,0,197017,Overall
87,women,0,175856,Overall
88,women,0,151990,Overall
89,women,0,121015,Overall
90,women,0,116314.102129039,Overall
91,women,0,108123.388820034,Overall
92,women,0,85648.4054224141,Overall
93,women,0,51089.2920803456,Overall
94,women,0,20279.1651539251,Overall
95,women,0,4733.45722970813,Overall
0,men,1,378150,Overall
1,men,1,395856,Overall
2,men,1,398262,Overall
3,men,1,405826,Overall
4,men,1,418267,Overall
5,men,1,410699,Overall
6,men,1,396349,Overall
7,men,1,401244,Overall
8,men,1,415876,Overall
9,men,1,422575,Overall
10,men,1,439113,Overall
11,men,1,484104,Overall
12,men,1,476734,Overall
13,men,1,491025,Overall
14,men,1,481576,Overall
15,men,1,472176,Overall
16,men,1,456957,Overall
17,men,1,457901,Overall
18,men,1,462715,Overall
19,men,1,478173,Overall
20,men,1,478762,Overall
21,men,1,483260,Overall
22,men,1,464521,Overall
23,men,1,464646,Overall
24,men,1,465206,Overall
25,men,1,460799,Overall
26,men,1,452388,Overall
27,men,1,460029,Overall
28,men,1,469173,Overall
29,men,1,516782,Overall
30,men,1,574857,Overall
31,men,1,602027,Overall
32,men,1,650865,Overall
33,men,1,684576,Overall
34,men,1,703402,Overall
35,men,1,727169,Overall
36,men,1,734867,Overall
37,men,1,748491,Overall
38,men,1,743601,Overall
39,men,1,719707,Overall
40,men,1,708229,Overall
41,men,1,687934,Overall
42,men,1,668652,Overall
43,men,1,635010,Overall
44,men,1,623387,Overall
45,men,1,606915,Overall
46,men,1,587968,Overall
47,men,1,575429,Overall
48,men,1,556927,Overall
49,men,1,558311,Overall
50,men,1,549002,Overall
51,men,1,552633,Overall
52,men,1,538023,Overall
53,men,1,496199,Overall
54,men,1,466781,Overall
55,men,1,409772,Overall
56,men,1,359863,Overall
57,men,1,481439,Overall
58,men,1,491277,Overall
59,men,1,477302,Overall
60,men,1,575350,Overall
61,men,1,604475,Overall
62,men,1,590676,Overall
63,men,1,547751,Overall
64,men,1,507857,Overall
65,men,1,487673,Overall
66,men,1,466879,Overall
67,men,1,428793,Overall
68,men,1,339650,Overall
69,men,1,331866,Overall
70,men,1,330723,Overall
71,men,1,339856,Overall
72,men,1,321568,Overall
73,men,1,309391,Overall
74,men,1,267658,Overall
75,men,1,239914,Overall
76,men,1,218283,Overall
77,men,1,180820,Overall
78,men,1,166560,Overall
79,men,1,164271,Overall
80,men,1,155758,Overall
81,men,1,138506,Overall
82,men,1,95745,Overall
83,men,1,55334,Overall
84,men,1,47618,Overall
85,men,1,45715,Overall
86,men,1,50948,Overall
87,men,1,55241,Overall
88,men,1,46779,Overall
89,men,1,38032,Overall
90,men,1,29688.8123469537,Overall
91,men,1,27158.3056077494,Overall
92,men,1,21776.9730157273,Overall
93,men,1,13642.785675303,Overall
94,men,1,5951.75448323973,Overall
95,men,1,1611.5696232814,Overall
0,women,1,357412,Overall
1,women,1,375659,Overall
2,women,1,376809,Overall
3,women,1,385374,Overall
4,women,1,397221,Overall
5,women,1,389494,Overall
6,women,1,376716,Overall
7,women,1,380386,Overall
8,women,1,395015,Overall
9,women,1,403439,Overall
10,women,1,418198,Overall
11,women,1,459945,Overall
12,women,1,454907,Overall
13,women,1,466142,Overall
14,women,1,456595,Overall
15,women,1,450473,Overall
16,women,1,435382,Overall
17,women,1,434434,Overall
18,women,1,440884,Overall
19,women,1,458599,Overall
20,women,1,465636,Overall
21,women,1,473369,Overall
22,women,1,454804,Overall
23,women,1,453516,Overall
24,women,1,453725,Overall
25,women,1,449194,Overall
26,women,1,437916,Overall
27,women,1,448541,Overall
28,women,1,456386,Overall
29,women,1,499612,Overall
30,women,1,553763,Overall
31,women,1,577260,Overall
32,women,1,621458,Overall
33,women,1,653152,Overall
34,women,1,672712,Overall
35,women,1,692686,Overall
36,women,1,695344,Overall
37,women,1,710502,Overall
38,women,1,706665,Overall
39,women,1,687749,Overall
40,women,1,681613,Overall
41,women,1,662171,Overall
42,women,1,644062,Overall
43,women,1,611081,Overall
44,women,1,600812,Overall
45,women,1,588102,Overall
46,women,1,574589,Overall
47,women,1,570160,Overall
48,women,1,556190,Overall
49,women,1,558699,Overall
50,women,1,549393,Overall
51,women,1,552882,Overall
52,women,1,534180,Overall
53,women,1,490443,Overall
54,women,1,464362,Overall
55,women,1,408811,Overall
56,women,1,365477,Overall
57,women,1,486743,Overall
58,women,1,494393,Overall
59,women,1,481758,Overall
60,women,1,588264,Overall
61,women,1,623621,Overall
62,women,1,615858,Overall
63,women,1,576254,Overall
64,women,1,540833,Overall
65,women,1,528821,Overall
66,women,1,512908,Overall
67,women,1,477136,Overall
68,women,1,386652,Overall
69,women,1,387459,Overall
70,women,1,395855,Overall
71,women,1,419142,Overall
72,women,1,407559,Overall
73,women,1,404123,Overall
74,women,1,383625,Overall
75,women,1,387742,Overall
76,women,1,388805,Overall
77,women,1,366181,Overall
78,women,1,352367,Overall
79,women,1,353078,Overall
80,women,1,355456,Overall
81,women,1,333861,Overall
82,women,1,237788,Overall
83,women,1,143243,Overall
84,women,1,126934,Overall
85,women,1,128516,Overall
86,women,1,153205,Overall
87,women,1,175317,Overall
88,women,1,154229,Overall
89,women,1,131267,Overall
90,women,1,113304.620384339,Overall
91,women,1,111827.106780374,Overall
92,women,1,94851.868441581,Overall
93,women,1,60310.0495046491,Overall
94,women,1,25074.0295652855,Overall
95,women,1,5945.58917014863,Overall
0,men,2,369186,Overall
1,men,2,380099,Overall
2,men,2,396674,Overall
3,men,2,399099,Overall
4,men,2,406478,Overall
5,men,2,419080,Overall
6,men,2,411038,Overall
7,men,2,396869,Overall
8,men,2,402140,Overall
9,men,2,416584,Overall
10,men,2,423220,Overall
11,men,2,439981,Overall
12,men,2,484822,Overall
13,men,2,477623,Overall
14,men,2,491933,Overall
15,men,2,482902,Overall
16,men,2,474075,Overall
17,men,2,458725,Overall
18,men,2,459886,Overall
19,men,2,466267,Overall
20,men,2,482976,Overall
21,men,2,483173,Overall
22,men,2,488481,Overall
23,men,2,469938,Overall
24,men,2,469627,Overall
25,men,2,469128,Overall
26,men,2,463672,Overall
27,men,2,454529,Overall
28,men,2,461631,Overall
29,men,2,470110,Overall
30,men,2,516801,Overall
31,men,2,574323,Overall
32,men,2,601267,Overall
33,men,2,649335,Overall
34,men,2,682656,Overall
35,men,2,701581,Overall
36,men,2,725355,Overall
37,men,2,732994,Overall
38,men,2,746438,Overall
39,men,2,741580,Overall
40,men,2,717745,Overall
41,men,2,706324,Overall
42,men,2,685903,Overall
43,men,2,666821,Overall
44,men,2,632843,Overall
45,men,2,620868,Overall
46,men,2,604156,Overall
47,men,2,585308,Overall
48,men,2,572714,Overall
49,men,2,553953,Overall
50,men,2,555222,Overall
51,men,2,545876,Overall
52,men,2,549081,Overall
53,men,2,534507,Overall
54,men,2,492685,Overall
55,men,2,463105,Overall
56,men,2,406204,Overall
57,men,2,356272,Overall
58,men,2,476570,Overall
59,men,2,485825,Overall
60,men,2,471384,Overall
61,men,2,567953,Overall
62,men,2,595965,Overall
63,men,2,581662,Overall
64,men,2,538814,Overall
65,men,2,498782,Overall
66,men,2,478010,Overall
67,men,2,456624,Overall
68,men,2,418188,Overall
69,men,2,330503,Overall
70,men,2,322153,Overall
71,men,2,320111,Overall
72,men,2,327859,Overall
73,men,2,309057,Overall
74,men,2,296269,Overall
75,men,2,255564,Overall
76,men,2,227996,Overall
77,men,2,206517,Overall
78,men,2,170002,Overall
79,men,2,155417,Overall
80,men,2,152117,Overall
81,men,2,142992,Overall
82,men,2,125894,Overall
83,men,2,86032,Overall
84,men,2,49050,Overall
85,men,2,41627,Overall
86,men,2,39544,Overall
87,men,2,43312,Overall
88,men,2,45961,Overall
89,men,2,38342,Overall
90,men,2,28980.4485834815,Overall
91,men,2,27667.2694449619,Overall
92,men,2,23386.9959096119,Overall
93,men,2,15487.1655469305,Overall
94,men,2,7108.88059142036,Overall
95,men,2,2001.26542674079,Overall
0,women,2,349840,Overall
1,women,2,358876,Overall
2,women,2,376043,Overall
3,women,2,377529,Overall
4,women,2,386374,Overall
5,women,2,398109,Overall
6,women,2,390025,Overall
7,women,2,377204,Overall
8,women,2,381337,Overall
9,women,2,395850,Overall
10,women,2,404118,Overall
11,women,2,419098,Overall
12,women,2,460672,Overall
13,women,2,455679,Overall
14,women,2,467163,Overall
15,women,2,457708,Overall
16,women,2,452168,Overall
17,women,2,437313,Overall
18,women,2,438006,Overall
19,women,2,448158,Overall
20,women,2,466454,Overall
21,women,2,473028,Overall
22,women,2,480493,Overall
23,women,2,461492,Overall
24,women,2,459343,Overall
25,women,2,458229,Overall
26,women,2,452576,Overall
27,women,2,440989,Overall
28,women,2,451171,Overall
29,women,2,458705,Overall
30,women,2,501429,Overall
31,women,2,554936,Overall
32,women,2,578211,Overall
33,women,2,622138,Overall
34,women,2,653590,Overall
35,women,2,672982,Overall
36,women,2,692848,Overall
37,women,2,695618,Overall
38,women,2,710830,Overall
39,women,2,706890,Overall
40,women,2,687995,Overall
41,women,2,681873,Overall
42,women,2,662215,Overall
43,women,2,644001,Overall
44,women,2,610964,Overall
45,women,2,600557,Overall
46,women,2,587791,Overall
47,women,2,574215,Overall
48,women,2,569708,Overall
49,women,2,555492,Overall
50,women,2,557847,Overall
51,women,2,548482,Overall
52,women,2,551615,Overall
53,women,2,533050,Overall
54,women,2,489069,Overall
55,women,2,462809,Overall
56,women,2,407171,Overall
57,women,2,363840,Overall
58,women,2,484221,Overall
59,women,2,491896,Overall
60,women,2,478966,Overall
61,women,2,584918,Overall
62,women,2,619732,Overall
63,women,2,611971,Overall
64,women,2,572159,Overall
65,women,2,536681,Overall
66,women,2,524091,Overall
67,women,2,507754,Overall
68,women,2,471587,Overall
69,women,2,381634,Overall
70,women,2,382067,Overall
71,women,2,389533,Overall
72,women,2,411807,Overall
73,women,2,399606,Overall
74,women,2,395140,Overall
75,women,2,373881,Overall
76,women,2,376939,Overall
77,women,2,376680,Overall
78,women,2,353154,Overall
79,women,2,338217,Overall
80,women,2,336569,Overall
81,women,2,336217,Overall
82,women,2,313649,Overall
83,women,2,221639,Overall
84,women,2,132026,Overall
85,women,2,115682,Overall
86,women,2,116109,Overall
87,women,2,136043,Overall
88,women,2,153378,Overall
89,women,2,132747,Overall
90,women,2,111085.315793011,Overall
91,women,2,114524.264776092,Overall
92,women,2,102170.210843428,Overall
93,women,2,68150.1213839923,Overall
94,women,2,29366.63549135,Overall
95,women,2,7063.44575784107,Overall
0,men,3,362286,Overall
1,men,3,370427,Overall
2,men,3,379807,Overall
3,men,3,395773,Overall
4,men,3,399342,Overall
5,men,3,406682,Overall
6,men,3,418996,Overall
7,men,3,411022,Overall
8,men,3,397201,Overall
9,men,3,402448,Overall
10,men,3,416742,Overall
11,men,3,423380,Overall
12,men,3,440142,Overall
13,men,3,484999,Overall
14,men,3,477916,Overall
15,men,3,492346,Overall
16,men,3,483943,Overall
17,men,3,475160,Overall
18,men,3,459868,Overall
19,men,3,462534,Overall
20,men,3,469514,Overall
21,men,3,485941,Overall
22,men,3,486542,Overall
23,men,3,492434,Overall
24,men,3,473207,Overall
25,men,3,471970,Overall
26,men,3,470915,Overall
27,men,3,464554,Overall
28,men,3,454596,Overall
29,men,3,461112,Overall
30,men,3,469355,Overall
31,men,3,515378,Overall
32,men,3,572563,Overall
33,men,3,598737,Overall
34,men,3,646763,Overall
35,men,3,679902,Overall
36,men,3,698583,Overall
37,men,3,722703,Overall
38,men,3,730009,Overall
39,men,3,743725,Overall
40,men,3,738804,Overall
41,men,3,715048,Overall
42,men,3,703587,Overall
43,men,3,682928,Overall
44,men,3,664300,Overall
45,men,3,630269,Overall
46,men,3,618015,Overall
47,men,3,601200,Overall
48,men,3,582134,Overall
49,men,3,569433,Overall
50,men,3,550598,Overall
51,men,3,551897,Overall
52,men,3,542456,Overall
53,men,3,545151,Overall
54,men,3,530436,Overall
55,men,3,488734,Overall
56,men,3,459212,Overall
57,men,3,402382,Overall
58,men,3,352352,Overall
59,men,3,471203,Overall
60,men,3,479828,Overall
61,men,3,465072,Overall
62,men,3,560060,Overall
63,men,3,586785,Overall
64,men,3,572256,Overall
65,men,3,529265,Overall
66,men,3,488964,Overall
67,men,3,467798,Overall
68,men,3,445556,Overall
69,men,3,407170,Overall
70,men,3,321097,Overall
71,men,3,311949,Overall
72,men,3,308846,Overall
73,men,3,315141,Overall
74,men,3,296124,Overall
75,men,3,282542,Overall
76,men,3,243120,Overall
77,men,3,215572,Overall
78,men,3,194172,Overall
79,men,3,158812,Overall
80,men,3,143869,Overall
81,men,3,139661,Overall
82,men,3,130151,Overall
83,men,3,113110,Overall
84,men,3,76357,Overall
85,men,3,43048,Overall
86,men,3,35888,Overall
87,men,3,33531,Overall
88,men,3,36058,Overall
89,men,3,37553,Overall
90,men,3,28726.0718763555,Overall
91,men,3,27911.5391418618,Overall
92,men,3,24131.6825059426,Overall
93,men,3,16363.6829842291,Overall
94,men,3,7671.09767040302,Overall
95,men,3,2191.34285036755,Overall
0,women,3,343908,Overall
1,women,3,351751,Overall
2,women,3,360467,Overall
3,women,3,377782,Overall
4,women,3,377888,Overall
5,women,3,386708,Overall
6,women,3,397965,Overall
7,women,3,390028,Overall
8,women,3,377657,Overall
9,women,3,381696,Overall
10,women,3,396024,Overall
11,women,3,404240,Overall
12,women,3,419402,Overall
13,women,3,461041,Overall
14,women,3,455910,Overall
15,women,3,467647,Overall
16,women,3,458536,Overall
17,women,3,453447,Overall
18,women,3,439877,Overall
19,women,3,443846,Overall
20,women,3,454766,Overall
21,women,3,472546,Overall
22,women,3,478760,Overall
23,women,3,485824,Overall
24,women,3,466126,Overall
25,women,3,462828,Overall
26,women,3,460696,Overall
27,women,3,454881,Overall
28,women,3,442956,Overall
29,women,3,452645,Overall
30,women,3,459755,Overall
31,women,3,501920,Overall
32,women,3,555302,Overall
33,women,3,578201,Overall
34,women,3,622029,Overall
35,women,3,653316,Overall
36,women,3,672434,Overall
37,women,3,692532,Overall
38,women,3,695047,Overall
39,women,3,710320,Overall
40,women,3,706473,Overall
41,women,3,687722,Overall
42,women,3,681460,Overall
43,women,3,661660,Overall
44,women,3,643509,Overall
45,women,3,610404,Overall
46,women,3,599837,Overall
47,women,3,587011,Overall
48,women,3,573454,Overall
49,women,3,568816,Overall
50,women,3,554408,Overall
51,women,3,556693,Overall
52,women,3,547212,Overall
53,women,3,550082,Overall
54,women,3,531648,Overall
55,women,3,487381,Overall
56,women,3,461106,Overall
57,women,3,405339,Overall
58,women,3,361934,Overall
59,women,3,481569,Overall
60,women,3,488853,Overall
61,women,3,475972,Overall
62,women,3,581293,Overall
63,women,3,615543,Overall
64,women,3,607689,Overall
65,women,3,567713,Overall
66,women,3,532111,Overall
67,women,3,518920,Overall
68,women,3,502240,Overall
69,women,3,465569,Overall
70,women,3,376317,Overall
71,women,3,375935,Overall
72,women,3,382739,Overall
73,women,3,403777,Overall
74,women,3,390963,Overall
75,women,3,385327,Overall
76,women,3,364292,Overall
77,women,3,365167,Overall
78,women,3,363504,Overall
79,women,3,338799,Overall
80,women,3,322634,Overall
81,women,3,318598,Overall
82,women,3,315843,Overall
83,women,3,291751,Overall
84,women,3,204549,Overall
85,women,3,120262,Overall
86,women,3,103970,Overall
87,women,3,103120,Overall
88,women,3,118603,Overall
89,women,3,131936,Overall
90,women,3,110393.655924861,Overall
91,women,3,115998.478873819,Overall
92,women,3,105895.634819123,Overall
93,women,3,72272.9617604122,Overall
94,women,3,31732.1955367551,Overall
95,women,3,7712.67995600318,Overall
0,men,4,361440,Overall
1,men,4,363915,Overall
2,men,4,371020,Overall
3,men,4,380034,Overall
4,men,4,396041,Overall
5,men,4,399320,Overall
6,men,4,406361,Overall
7,men,4,418616,Overall
8,men,4,411010,Overall
9,men,4,397495,Overall
10,men,4,402624,Overall
11,men,4,416997,Overall
12,men,4,423375,Overall
13,men,4,440174,Overall
14,men,4,485062,Overall
15,men,4,477984,Overall
16,men,4,493011,Overall
17,men,4,484552,Overall
18,men,4,476181,Overall
19,men,4,462265,Overall
20,men,4,465657,Overall
21,men,4,472664,Overall
22,men,4,489490,Overall
23,men,4,490201,Overall
24,men,4,495717,Overall
25,men,4,475710,Overall
26,men,4,473700,Overall
27,men,4,472138,Overall
28,men,4,465196,Overall
29,men,4,454402,Overall
30,men,4,460792,Overall
31,men,4,468149,Overall
32,men,4,514131,Overall
33,men,4,571098,Overall
34,men,4,596753,Overall
35,men,4,644632,Overall
36,men,4,677668,Overall
37,men,4,696197,Overall
38,men,4,720332,Overall
39,men,4,727640,Overall
40,men,4,741518,Overall
41,men,4,736427,Overall
42,men,4,712756,Overall
43,men,4,701561,Overall
44,men,4,680532,Overall
45,men,4,662509,Overall
46,men,4,628070,Overall
47,men,4,615594,Overall
48,men,4,598867,Overall
49,men,4,579498,Overall
50,men,4,566158,Overall
51,men,4,547781,Overall
52,men,4,548656,Overall
53,men,4,539023,Overall
54,men,4,541181,Overall
55,men,4,526447,Overall
56,men,4,484843,Overall
57,men,4,455058,Overall
58,men,4,398405,Overall
59,men,4,348498,Overall
60,men,4,465380,Overall
61,men,4,473499,Overall
62,men,4,458487,Overall
63,men,4,551772,Overall
64,men,4,577271,Overall
65,men,4,562091,Overall
66,men,4,519112,Overall
67,men,4,478990,Overall
68,men,4,457181,Overall
69,men,4,434673,Overall
70,men,4,395827,Overall
71,men,4,311514,Overall
72,men,4,301772,Overall
73,men,4,297562,Overall
74,men,4,302622,Overall
75,men,4,283023,Overall
76,men,4,268832,Overall
77,men,4,230640,Overall
78,men,4,203467,Overall
79,men,4,182067,Overall
80,men,4,147817,Overall
81,men,4,132859,Overall
82,men,4,127798,Overall
83,men,4,117742,Overall
84,men,4,101127,Overall
85,men,4,67589,Overall
86,men,4,37517,Overall
87,men,4,30788,Overall
88,men,4,28363,Overall
89,men,4,29917,Overall
90,men,4,29071.9838646315,Overall
91,men,4,27880.0269739366,Overall
92,men,4,23755.1082119014,Overall
93,men,4,15860.8340991509,Overall
94,men,4,7319.14078491485,Overall
95,men,4,2058.82356999332,Overall
0,women,4,343319,Overall
1,women,4,345498,Overall
2,women,4,352195,Overall
3,women,4,360579,Overall
4,women,4,377792,Overall
5,women,4,377888,Overall
6,women,4,386366,Overall
7,women,4,397858,Overall
8,women,4,390129,Overall
9,women,4,377937,Overall
10,women,4,381938,Overall
11,women,4,396219,Overall
12,women,4,404262,Overall
13,women,4,419522,Overall
14,women,4,461208,Overall
15,women,4,456317,Overall
16,women,4,468300,Overall
17,women,4,459536,Overall
18,women,4,455613,Overall
19,women,4,445351,Overall
20,women,4,450392,Overall
21,women,4,460409,Overall
22,women,4,478139,Overall
23,women,4,484201,Overall
24,women,4,490156,Overall
25,women,4,469534,Overall
26,women,4,465060,Overall
27,women,4,462651,Overall
28,women,4,456631,Overall
29,women,4,444479,Overall
30,women,4,453799,Overall
31,women,4,460362,Overall
32,women,4,502267,Overall
33,women,4,555292,Overall
34,women,4,578047,Overall
35,women,4,621595,Overall
36,women,4,652338,Overall
37,women,4,671847,Overall
38,women,4,692149,Overall
39,women,4,694597,Overall
40,women,4,709785,Overall
41,women,4,706165,Overall
42,women,4,687364,Overall
43,women,4,681109,Overall
44,women,4,660990,Overall
45,women,4,642988,Overall
46,women,4,609787,Overall
47,women,4,598986,Overall
48,women,4,586080,Overall
49,women,4,572574,Overall
50,women,4,567841,Overall
51,women,4,553222,Overall
52,women,4,555299,Overall
53,women,4,545780,Overall
54,women,4,548317,Overall
55,women,4,529974,Overall
56,women,4,485475,Overall
57,women,4,459099,Overall
58,women,4,403389,Overall
59,women,4,359858,Overall
60,women,4,478534,Overall
61,women,4,485723,Overall
62,women,4,472759,Overall
63,women,4,577371,Overall
64,women,4,611108,Overall
65,women,4,603075,Overall
66,women,4,562884,Overall
67,women,4,527056,Overall
68,women,4,513481,Overall
69,women,4,496189,Overall
70,women,4,459286,Overall
71,women,4,370608,Overall
72,women,4,369675,Overall
73,women,4,375440,Overall
74,women,4,395462,Overall
75,women,4,382048,Overall
76,women,4,375089,Overall
77,women,4,353461,Overall
78,women,4,353076,Overall
79,women,4,349648,Overall
80,women,4,324041,Overall
81,women,4,306962,Overall
82,women,4,300540,Overall
83,women,4,295503,Overall
84,women,4,270351,Overall
85,women,4,187670,Overall
86,women,4,108874,Overall
87,women,4,92904,Overall
88,women,4,90782,Overall
89,women,4,102826,Overall
90,women,4,111785.013968431,Overall
91,women,4,116170.642379203,Overall
92,women,4,104906.612809881,Overall
93,women,4,71015.4562072701,Overall
94,women,4,31088.2527330912,Overall
95,women,4,7592.46915641169,Overall
0,men,5,351543,Overall
1,men,5,362727,Overall
2,men,5,363933,Overall
3,men,5,371006,Overall
4,men,5,379962,Overall
5,men,5,395826,Overall
6,men,5,398501,Overall
7,men,5,405737,Overall
8,men,5,418200,Overall
9,men,5,410723,Overall
10,men,5,397404,Overall
11,men,5,402644,Overall
12,men,5,416876,Overall
13,men,5,423038,Overall
14,men,5,439756,Overall
15,men,5,484701,Overall
16,men,5,478075,Overall
17,men,5,492740,Overall
18,men,5,484495,Overall
19,men,5,477567,Overall
20,men,5,464445,Overall
21,men,5,468027,Overall
22,men,5,475498,Overall
23,men,5,492546,Overall
24,men,5,492511,Overall
25,men,5,497039,Overall
26,men,5,476445,Overall
27,men,5,473873,Overall
28,men,5,471906,Overall
29,men,5,464461,Overall
30,men,5,453531,Overall
31,men,5,459786,Overall
32,men,5,466987,Overall
33,men,5,512333,Overall
34,men,5,569159,Overall
35,men,5,594067,Overall
36,men,5,641990,Overall
37,men,5,674723,Overall
38,men,5,693618,Overall
39,men,5,717669,Overall
40,men,5,725029,Overall
41,men,5,738669,Overall
42,men,5,733676,Overall
43,men,5,710132,Overall
44,men,5,699177,Overall
45,men,5,677824,Overall
46,men,5,659820,Overall
47,men,5,625379,Overall
48,men,5,612718,Overall
49,men,5,595838,Overall
50,men,5,576224,Overall
51,men,5,562837,Overall
52,men,5,544223,Overall
53,men,5,544948,Overall
54,men,5,535057,Overall
55,men,5,536750,Overall
56,men,5,521888,Overall
57,men,5,480341,Overall
58,men,5,450548,Overall
59,men,5,394087,Overall
60,men,5,343982,Overall
61,men,5,459345,Overall
62,men,5,466815,Overall
63,men,5,451449,Overall
64,men,5,542935,Overall
65,men,5,566858,Overall
66,men,5,551481,Overall
67,men,5,508784,Overall
68,men,5,468469,Overall
69,men,5,446127,Overall
70,men,5,423120,Overall
71,men,5,384160,Overall
72,men,5,301770,Overall
73,men,5,291296,Overall
74,men,5,286611,Overall
75,men,5,289569,Overall
76,men,5,269466,Overall
77,men,5,254730,Overall
78,men,5,217409,Overall
79,men,5,190882,Overall
80,men,5,169627,Overall
81,men,5,136554,Overall
82,men,5,121515,Overall
83,men,5,115594,Overall
84,men,5,105232,Overall
85,men,5,89324,Overall
86,men,5,58801,Overall
87,men,5,32160,Overall
88,men,5,25946,Overall
89,men,5,23410,Overall
90,men,5,29993.6337591841,Overall
91,men,5,27686.809423185,Overall
92,men,5,22548.3349062108,Overall
93,men,5,14348.6957726587,Overall
94,men,5,6318.6661731225,Overall
95,men,5,1705.34430587137,Overall
0,women,5,334064,Overall
1,women,5,344517,Overall
2,women,5,345509,Overall
3,women,5,352143,Overall
4,women,5,360306,Overall
5,women,5,377423,Overall
6,women,5,377023,Overall
7,women,5,385774,Overall
8,women,5,397640,Overall
9,women,5,389940,Overall
10,women,5,377806,Overall
11,women,5,382105,Overall
12,women,5,396138,Overall
13,women,5,403982,Overall
14,women,5,419332,Overall
15,women,5,461127,Overall
16,women,5,456512,Overall
17,women,5,468664,Overall
18,women,5,461084,Overall
19,women,5,460117,Overall
20,women,5,450711,Overall
21,women,5,455517,Overall
22,women,5,465535,Overall
23,women,5,482908,Overall
24,women,5,487828,Overall
25,women,5,492766,Overall
26,women,5,471209,Overall
27,women,5,466467,Overall
28,women,5,463651,Overall
29,women,5,457457,Overall
30,women,5,445152,Overall
31,women,5,454194,Overall
32,women,5,460525,Overall
33,women,5,502178,Overall
34,women,5,554819,Overall
35,women,5,577385,Overall
36,women,5,620599,Overall
37,women,5,651423,Overall
38,women,5,670918,Overall
39,women,5,691417,Overall
40,women,5,693736,Overall
41,women,5,708962,Overall
42,women,5,705260,Overall
43,women,5,686460,Overall
44,women,5,680238,Overall
45,women,5,659981,Overall
46,women,5,642031,Overall
47,women,5,608772,Overall
48,women,5,597903,Overall
49,women,5,584952,Overall
50,women,5,571345,Overall
51,women,5,566446,Overall
52,women,5,551739,Overall
53,women,5,553520,Overall
54,women,5,544002,Overall
55,women,5,546233,Overall
56,women,5,527792,Overall
57,women,5,483238,Overall
58,women,5,456905,Overall
59,women,5,401096,Overall
60,women,5,357488,Overall
61,women,5,475187,Overall
62,women,5,482155,Overall
63,women,5,469225,Overall
64,women,5,572998,Overall
65,women,5,606164,Overall
66,women,5,597963,Overall
67,women,5,557506,Overall
68,women,5,521551,Overall
69,women,5,507389,Overall
70,women,5,489681,Overall
71,women,5,452383,Overall
72,women,5,365197,Overall
73,women,5,362880,Overall
74,women,5,368759,Overall
75,women,5,386285,Overall
76,women,5,372205,Overall
77,women,5,363869,Overall
78,women,5,341896,Overall
79,women,5,339539,Overall
80,women,5,334314,Overall
81,women,5,308051,Overall
82,women,5,289562,Overall
83,women,5,281058,Overall
84,women,5,273822,Overall
85,women,5,247440,Overall
86,women,5,169743,Overall
87,women,5,97118,Overall
88,women,5,81581,Overall
89,women,5,78366,Overall
90,women,5,115081.25429363,Overall
91,women,5,115432.814409581,Overall
92,women,5,100295.844576534,Overall
93,women,5,65631.9235035069,Overall
94,women,5,28123.8933348392,Overall
95,women,5,6861.41122046611,Overall
0,men,6,345678,Overall
1,men,6,352440,Overall
2,men,6,362673,Overall
3,men,6,363380,Overall
4,men,6,370486,Overall
5,men,6,379523,Overall
6,men,6,394779,Overall
7,men,6,397495,Overall
8,men,6,405104,Overall
9,men,6,417651,Overall
10,men,6,410253,Overall
11,men,6,397071,Overall
12,men,6,402322,Overall
13,men,6,416333,Overall
14,men,6,422248,Overall
15,men,6,439225,Overall
16,men,6,484321,Overall
17,men,6,477306,Overall
18,men,6,492462,Overall
19,men,6,485824,Overall
20,men,6,479623,Overall
21,men,6,466735,Overall
22,men,6,470399,Overall
23,men,6,478308,Overall
24,men,6,494764,Overall
25,men,6,493535,Overall
26,men,6,497082,Overall
27,men,6,476119,Overall
28,men,6,473135,Overall
29,men,6,470881,Overall
30,men,6,462939,Overall
31,men,6,451863,Overall
32,men,6,457985,Overall
33,men,6,465089,Overall
34,men,6,510272,Overall
35,men,6,566597,Overall
36,men,6,591116,Overall
37,men,6,638858,Overall
38,men,6,671713,Overall
39,men,6,690619,Overall
40,men,6,714608,Overall
41,men,6,721871,Overall
42,men,6,735559,Overall
43,men,6,730780,Overall
44,men,6,707095,Overall
45,men,6,696270,Overall
46,men,6,674638,Overall
47,men,6,656901,Overall
48,men,6,622223,Overall
49,men,6,609326,Overall
50,men,6,592379,Overall
51,men,6,572692,Overall
52,men,6,558901,Overall
53,men,6,540252,Overall
54,men,6,540744,Overall
55,men,6,530776,Overall
56,men,6,531986,Overall
57,men,6,517187,Overall
58,men,6,475509,Overall
59,men,6,445590,Overall
60,men,6,388996,Overall
61,men,6,338977,Overall
62,men,6,452979,Overall
63,men,6,459707,Overall
64,men,6,444096,Overall
65,men,6,533535,Overall
66,men,6,556088,Overall
67,men,6,540626,Overall
68,men,6,498003,Overall
69,men,6,457450,Overall
70,men,6,434618,Overall
71,men,6,411277,Overall
72,men,6,372662,Overall
73,men,6,291388,Overall
74,men,6,280215,Overall
75,men,6,274547,Overall
76,men,6,276232,Overall
77,men,6,256190,Overall
78,men,6,240594,Overall
79,men,6,204255,Overall
80,men,6,178179,Overall
81,men,6,157200,Overall
82,men,6,125166,Overall
83,men,6,110499,Overall
84,men,6,103620,Overall
85,men,6,93152,Overall
86,men,6,78181,Overall
87,men,6,50863,Overall
88,men,6,27143,Overall
89,men,6,21540,Overall
90,men,6,31441.8631881667,Overall
91,men,6,27476.5024656697,Overall
92,men,6,20951.7238980477,Overall
93,men,6,12425.056471125,Overall
94,men,6,5107.54776200033,Overall
95,men,6,1297.11092757352,Overall
0,women,6,327073,Overall
1,women,6,334927,Overall
2,women,6,344376,Overall
3,women,6,345174,Overall
4,women,6,351646,Overall
5,women,6,359621,Overall
6,women,6,376305,Overall
7,women,6,376254,Overall
8,women,6,385226,Overall
9,women,6,397126,Overall
10,women,6,389485,Overall
11,women,6,377567,Overall
12,women,6,381904,Overall
13,women,6,395711,Overall
14,women,6,403405,Overall
15,women,6,418919,Overall
16,women,6,461006,Overall
17,women,6,456550,Overall
18,women,6,469598,Overall
19,women,6,464581,Overall
20,women,6,464879,Overall
21,women,6,455045,Overall
22,women,6,459435,Overall
23,women,6,468794,Overall
24,women,6,485289,Overall
25,women,6,488978,Overall
26,women,6,493135,Overall
27,women,6,471388,Overall
28,women,6,466431,Overall
29,women,6,463467,Overall
30,women,6,457157,Overall
31,women,6,444522,Overall
32,women,6,453591,Overall
33,women,6,459950,Overall
34,women,6,501208,Overall
35,women,6,553640,Overall
36,women,6,576077,Overall
37,women,6,619149,Overall
38,women,6,649915,Overall
39,women,6,669398,Overall
40,women,6,690013,Overall
41,women,6,692422,Overall
42,women,6,707633,Overall
43,women,6,703980,Overall
44,women,6,685012,Overall
45,women,6,678829,Overall
46,women,6,658446,Overall
47,women,6,640818,Overall
48,women,6,607380,Overall
49,women,6,596401,Overall
50,women,6,583270,Overall
51,women,6,569662,Overall
52,women,6,564692,Overall
53,women,6,549848,Overall
54,women,6,551319,Overall
55,women,6,541803,Overall
56,women,6,543753,Overall
57,women,6,525215,Overall
58,women,6,480630,Overall
59,women,6,454341,Overall
60,women,6,398407,Overall
61,women,6,354633,Overall
62,women,6,471674,Overall
63,women,6,478527,Overall
64,women,6,465463,Overall
65,women,6,568263,Overall
66,women,6,600899,Overall
67,women,6,592430,Overall
68,women,6,551774,Overall
69,women,6,515645,Overall
70,women,6,500880,Overall
71,women,6,482738,Overall
72,women,6,446103,Overall
73,women,6,358392,Overall
74,women,6,355471,Overall
75,women,6,360305,Overall
76,women,6,376419,Overall
77,women,6,362013,Overall
78,women,6,352040,Overall
79,women,6,329232,Overall
80,women,6,324742,Overall
81,women,6,318210,Overall
82,women,6,291070,Overall
83,women,6,271175,Overall
84,women,6,260883,Overall
85,women,6,251495,Overall
86,women,6,223976,Overall
87,women,6,152021,Overall
88,women,6,85538,Overall
89,women,6,70847,Overall
90,women,6,119957.030089138,Overall
91,women,6,114302.087517754,Overall
92,women,6,93815.527909903,Overall
93,women,6,58317.7231734057,Overall
94,women,6,24140.4200699106,Overall
95,women,6,5850.87307422595,Overall
0,men,7,351803,Overall
1,men,7,346869,Overall
2,men,7,352462,Overall
3,men,7,362424,Overall
4,men,7,362941,Overall
5,men,7,369983,Overall
6,men,7,378510,Overall
7,men,7,394106,Overall
8,men,7,396843,Overall
9,men,7,404597,Overall
10,men,7,417121,Overall
11,men,7,409946,Overall
12,men,7,396896,Overall
13,men,7,402102,Overall
14,men,7,415831,Overall
15,men,7,421633,Overall
16,men,7,438948,Overall
17,men,7,483826,Overall
18,men,7,477536,Overall
19,men,7,494581,Overall
20,men,7,488489,Overall
21,men,7,482190,Overall
22,men,7,469284,Overall
23,men,7,472962,Overall
24,men,7,480372,Overall
25,men,7,495975,Overall
26,men,7,493710,Overall
27,men,7,496446,Overall
28,men,7,475316,Overall
29,men,7,471734,Overall
30,men,7,469334,Overall
31,men,7,461462,Overall
32,men,7,450160,Overall
33,men,7,456353,Overall
34,men,7,463232,Overall
35,men,7,508182,Overall
36,men,7,564326,Overall
37,men,7,588133,Overall
38,men,7,636281,Overall
39,men,7,668912,Overall
40,men,7,688073,Overall
41,men,7,711727,Overall
42,men,7,718750,Overall
43,men,7,732453,Overall
44,men,7,727663,Overall
45,men,7,703907,Overall
46,men,7,693100,Overall
47,men,7,671244,Overall
48,men,7,653765,Overall
49,men,7,618800,Overall
50,men,7,605746,Overall
51,men,7,588779,Overall
52,men,7,568748,Overall
53,men,7,554737,Overall
54,men,7,536065,Overall
55,men,7,536332,Overall
56,men,7,526138,Overall
57,men,7,527006,Overall
58,men,7,512311,Overall
59,men,7,470330,Overall
60,men,7,440208,Overall
61,men,7,383804,Overall
62,men,7,334012,Overall
63,men,7,446129,Overall
64,men,7,452393,Overall
65,men,7,436019,Overall
66,men,7,523675,Overall
67,men,7,545044,Overall
68,men,7,529570,Overall
69,men,7,486784,Overall
70,men,7,446218,Overall
71,men,7,422791,Overall
72,men,7,399041,Overall
73,men,7,360341,Overall
74,men,7,280574,Overall
75,men,7,268709,Overall
76,men,7,262254,Overall
77,men,7,262570,Overall
78,men,7,242107,Overall
79,men,7,225943,Overall
80,men,7,190746,Overall
81,men,7,165078,Overall
82,men,7,144288,Overall
83,men,7,114053,Overall
84,men,7,99323,Overall
85,men,7,92321,Overall
86,men,7,81422,Overall
87,men,7,67120,Overall
88,men,7,43062,Overall
89,men,7,22658,Overall
90,men,7,33379.5826392169,Overall
91,men,7,27390.3248801748,Overall
92,men,7,19347.8413912448,Overall
93,men,7,10561.8946682313,Overall
94,men,7,4000.18474262433,Overall
95,men,7,943.63077093665,Overall
0,women,7,333217,Overall
1,women,7,328107,Overall
2,women,7,334794,Overall
3,women,7,344049,Overall
4,women,7,344760,Overall
5,women,7,351020,Overall
6,women,7,358561,Overall
7,women,7,375519,Overall
8,women,7,375760,Overall
9,women,7,384694,Overall
10,women,7,396736,Overall
11,women,7,389175,Overall
12,women,7,377387,Overall
13,women,7,381880,Overall
14,women,7,395406,Overall
15,women,7,402986,Overall
16,women,7,418923,Overall
17,women,7,461061,Overall
18,women,7,457563,Overall
19,women,7,472987,Overall
20,women,7,469217,Overall
21,women,7,468987,Overall
22,women,7,458661,Overall
23,women,7,462499,Overall
24,women,7,470991,Overall
25,women,7,486421,Overall
26,women,7,489352,Overall
27,women,7,493097,Overall
28,women,7,471271,Overall
29,women,7,466150,Overall
30,women,7,462911,Overall
31,women,7,456697,Overall
32,women,7,444127,Overall
33,women,7,453377,Overall
34,women,7,459314,Overall
35,women,7,500556,Overall
36,women,7,552746,Overall
37,women,7,575109,Overall
38,women,7,618014,Overall
39,women,7,648662,Overall
40,women,7,668335,Overall
41,women,7,688899,Overall
42,women,7,691253,Overall
43,women,7,706545,Overall
44,women,7,702793,Overall
45,women,7,683778,Overall
46,women,7,677571,Overall
47,women,7,657063,Overall
48,women,7,639479,Overall
49,women,7,605985,Overall
50,women,7,594861,Overall
51,women,7,581703,Overall
52,women,7,568009,Overall
53,women,7,562916,Overall
54,women,7,547982,Overall
55,women,7,549184,Overall
56,women,7,539528,Overall
57,women,7,541070,Overall
58,women,7,522683,Overall
59,women,7,477975,Overall
60,women,7,451516,Overall
61,women,7,395580,Overall
62,women,7,352013,Overall
63,women,7,468191,Overall
64,women,7,474810,Overall
65,women,7,461415,Overall
66,women,7,563372,Overall
67,women,7,595235,Overall
68,women,7,586536,Overall
69,women,7,545547,Overall
70,women,7,509342,Overall
71,women,7,493979,Overall
72,women,7,475153,Overall
73,women,7,438340,Overall
74,women,7,351367,Overall
75,women,7,347647,Overall
76,women,7,351225,Overall
77,women,7,365951,Overall
78,women,7,350361,Overall
79,women,7,339340,Overall
80,women,7,315638,Overall
81,women,7,309322,Overall
82,women,7,300851,Overall
83,women,7,273039,Overall
84,women,7,252150,Overall
85,women,7,240031,Overall
86,women,7,228600,Overall
87,women,7,200419,Overall
88,women,7,134104,Overall
89,women,7,74111,Overall
90,women,7,126085.606464456,Overall
91,women,7,113285.46649374,Overall
92,women,7,87043.1613766726,Overall
93,women,7,50926.8840348005,Overall
94,women,7,20202.8090924523,Overall
95,women,7,4838.70158455599,Overall
0,men,8,349981,Overall
1,men,8,352749,Overall
2,men,8,347015,Overall
3,men,8,352205,Overall
4,men,8,361951,Overall
5,men,8,362379,Overall
6,men,8,369009,Overall
7,men,8,377933,Overall
8,men,8,393809,Overall
9,men,8,396313,Overall
10,men,8,404106,Overall
11,men,8,416838,Overall
12,men,8,409781,Overall
13,men,8,396804,Overall
14,men,8,401949,Overall
15,men,8,415650,Overall
16,men,8,421622,Overall
17,men,8,438687,Overall
18,men,8,484437,Overall
19,men,8,480009,Overall
20,men,8,497878,Overall
21,men,8,491514,Overall
22,men,8,485119,Overall
23,men,8,472161,Overall
24,men,8,475080,Overall
25,men,8,481645,Overall
26,men,8,496572,Overall
27,men,8,493598,Overall
28,men,8,495595,Overall
29,men,8,474053,Overall
30,men,8,470028,Overall
31,men,8,467539,Overall
32,men,8,459290,Overall
33,men,8,448373,Overall
34,men,8,454782,Overall
35,men,8,461607,Overall
36,men,8,505831,Overall
37,men,8,561689,Overall
38,men,8,584975,Overall
39,men,8,633496,Overall
40,men,8,665907,Overall
41,men,8,685672,Overall
42,men,8,708778,Overall
43,men,8,715317,Overall
44,men,8,729012,Overall
45,men,8,724331,Overall
46,men,8,700648,Overall
47,men,8,689749,Overall
48,men,8,667508,Overall
49,men,8,650368,Overall
50,men,8,615240,Overall
51,men,8,601888,Overall
52,men,8,584761,Overall
53,men,8,564648,Overall
54,men,8,550582,Overall
55,men,8,531744,Overall
56,men,8,531658,Overall
57,men,8,521389,Overall
58,men,8,521793,Overall
59,men,8,506982,Overall
60,men,8,464648,Overall
61,men,8,434314,Overall
62,men,8,378345,Overall
63,men,8,328805,Overall
64,men,8,439167,Overall
65,men,8,444498,Overall
66,men,8,427895,Overall
67,men,8,513671,Overall
68,men,8,533900,Overall
69,men,8,517779,Overall
70,men,8,475163,Overall
71,men,8,434593,Overall
72,men,8,410646,Overall
73,men,8,386145,Overall
74,men,8,347294,Overall
75,men,8,269429,Overall
76,men,8,256953,Overall
77,men,8,249464,Overall
78,men,8,248193,Overall
79,men,8,227519,Overall
80,men,8,210830,Overall
81,men,8,176702,Overall
82,men,8,151708,Overall
83,men,8,131454,Overall
84,men,8,102709,Overall
85,men,8,88299,Overall
86,men,8,80788,Overall
87,men,8,70156,Overall
88,men,8,56989,Overall
89,men,8,35882,Overall
90,men,8,35769.7160018595,Overall
91,men,8,27568.8308362221,Overall
92,men,8,18026.5347914364,Overall
93,men,8,9038.58914794295,Overall
94,men,8,3141.13772691108,Overall
95,men,8,683.871801622283,Overall
0,women,8,332884,Overall
1,women,8,334339,Overall
2,women,8,328229,Overall
3,women,8,334547,Overall
4,women,8,343735,Overall
5,women,8,344199,Overall
6,women,8,350023,Overall
7,women,8,358011,Overall
8,women,8,375076,Overall
9,women,8,375446,Overall
10,women,8,384351,Overall
11,women,8,396513,Overall
12,women,8,389017,Overall
13,women,8,377292,Overall
14,women,8,381868,Overall
15,women,8,395256,Overall
16,women,8,403040,Overall
17,women,8,418861,Overall
18,women,8,462023,Overall
19,women,8,460483,Overall
20,women,8,477560,Overall
21,women,8,472878,Overall
22,women,8,471978,Overall
23,women,8,460971,Overall
24,women,8,464409,Overall
25,women,8,471982,Overall
26,women,8,486719,Overall
27,women,8,489228,Overall
28,women,8,492843,Overall
29,women,8,471177,Overall
30,women,8,465588,Overall
31,women,8,462484,Overall
32,women,8,456232,Overall
33,women,8,443726,Overall
34,women,8,453051,Overall
35,women,8,458913,Overall
36,women,8,499830,Overall
37,women,8,551701,Overall
38,women,8,574127,Overall
39,women,8,616864,Overall
40,women,8,647535,Overall
41,women,8,667355,Overall
42,women,8,687577,Overall
43,women,8,689919,Overall
44,women,8,705312,Overall
45,women,8,701517,Overall
46,women,8,682460,Overall
47,women,8,676246,Overall
48,women,8,655513,Overall
49,women,8,638197,Overall
50,women,8,604381,Overall
51,women,8,593357,Overall
52,women,8,579926,Overall
53,women,8,566269,Overall
54,women,8,561018,Overall
55,women,8,546038,Overall
56,women,8,546959,Overall
57,women,8,537095,Overall
58,women,8,538295,Overall
59,women,8,519952,Overall
60,women,8,474988,Overall
61,women,8,448404,Overall
62,women,8,392679,Overall
63,women,8,349215,Overall
64,women,8,464381,Overall
65,women,8,470729,Overall
66,women,8,457210,Overall
67,women,8,558018,Overall
68,women,8,589077,Overall
69,women,8,580099,Overall
70,women,8,538829,Overall
71,women,8,502523,Overall
72,women,8,486429,Overall
73,women,8,466961,Overall
74,women,8,429784,Overall
75,women,8,343677,Overall
76,women,8,339008,Overall
77,women,8,341348,Overall
78,women,8,354293,Overall
79,women,8,337777,Overall
80,women,8,325378,Overall
81,women,8,300669,Overall
82,women,8,292428,Overall
83,women,8,282214,Overall
84,women,8,253848,Overall
85,women,8,231952,Overall
86,women,8,217751,Overall
87,women,8,204431,Overall
88,women,8,176113,Overall
89,women,8,116152,Overall
90,women,8,133089.103330956,Overall
91,women,8,112873.627996434,Overall
92,women,8,81211.7891898003,Overall
93,women,8,44677.8872093475,Overall
94,women,8,16938.8326183339,Overall
95,women,8,3988.9810372126,Overall
0,men,9,340670,Overall
1,men,9,351772,Overall
2,men,9,353043,Overall
3,men,9,347148,Overall
4,men,9,352150,Overall
5,men,9,361715,Overall
6,men,9,361791,Overall
7,men,9,368696,Overall
8,men,9,377950,Overall
9,men,9,394076,Overall
10,men,9,396100,Overall
11,men,9,404162,Overall
12,men,9,416720,Overall
13,men,9,409993,Overall
14,men,9,397003,Overall
15,men,9,402220,Overall
16,men,9,416236,Overall
17,men,9,421870,Overall
18,men,9,439908,Overall
19,men,9,487069,Overall
20,men,9,483256,Overall
21,men,9,501116,Overall
22,men,9,494641,Overall
23,men,9,488136,Overall
24,men,9,474470,Overall
25,men,9,476869,Overall
26,men,9,482423,Overall
27,men,9,496846,Overall
28,men,9,493174,Overall
29,men,9,494945,Overall
30,men,9,473396,Overall
31,men,9,469239,Overall
32,men,9,466433,Overall
33,men,9,458074,Overall
34,men,9,447280,Overall
35,men,9,453868,Overall
36,men,9,460549,Overall
37,men,9,503890,Overall
38,men,9,559463,Overall
39,men,9,582570,Overall
40,men,9,630998,Overall
41,men,9,663401,Overall
42,men,9,683076,Overall
43,men,9,705947,Overall
44,men,9,712122,Overall
45,men,9,725834,Overall
46,men,9,721047,Overall
47,men,9,697262,Overall
48,men,9,686253,Overall
49,men,9,663925,Overall
50,men,9,646994,Overall
51,men,9,611602,Overall
52,men,9,597821,Overall
53,men,9,580582,Overall
54,men,9,560514,Overall
55,men,9,546104,Overall
56,men,9,527202,Overall
57,men,9,526628,Overall
58,men,9,516238,Overall
59,men,9,516128,Overall
60,men,9,500870,Overall
61,men,9,458586,Overall
62,men,9,428408,Overall
63,men,9,372899,Overall
64,men,9,323415,Overall
65,men,9,431469,Overall
66,men,9,436515,Overall
67,men,9,419769,Overall
68,men,9,503132,Overall
69,men,9,522043,Overall
70,men,9,505355,Overall
71,men,9,463041,Overall
72,men,9,422296,Overall
73,men,9,397849,Overall
74,men,9,372859,Overall
75,men,9,333880,Overall
76,men,9,257877,Overall
77,men,9,244764,Overall
78,men,9,236133,Overall
79,men,9,233549,Overall
80,men,9,212545,Overall
81,men,9,195473,Overall
82,men,9,162273,Overall
83,men,9,138143,Overall
84,men,9,118500,Overall
85,men,9,91220,Overall
86,men,9,77418,Overall
87,men,9,69614,Overall
88,men,9,59405,Overall
89,men,9,47417,Overall
90,men,9,38563.8588966084,Overall
91,men,9,28161.9744809155,Overall
92,men,9,17203.5623484298,Overall
93,men,9,7986.05999172721,Overall
94,men,9,2559.12721955709,Overall
95,men,9,514.259753026317,Overall
0,women,9,323538,Overall
1,women,9,334584,Overall
2,women,9,334570,Overall
3,women,9,328366,Overall
4,women,9,334444,Overall
5,women,9,343515,Overall
6,women,9,343544,Overall
7,women,9,349777,Overall
8,women,9,357986,Overall
9,women,9,374881,Overall
10,women,9,375319,Overall
11,women,9,384409,Overall
12,women,9,396571,Overall
13,women,9,389152,Overall
14,women,9,377358,Overall
15,women,9,382118,Overall
16,women,9,395846,Overall
17,women,9,403254,Overall
18,women,9,420137,Overall
19,women,9,465184,Overall
20,women,9,464912,Overall
21,women,9,481547,Overall
22,women,9,476269,Overall
23,women,9,474848,Overall
24,women,9,463465,Overall
25,women,9,466160,Overall
26,women,9,472905,Overall
27,women,9,487200,Overall
28,women,9,489653,Overall
29,women,9,492846,Overall
30,women,9,471113,Overall
31,women,9,465560,Overall
32,women,9,462385,Overall
33,women,9,456093,Overall
34,women,9,443672,Overall
35,women,9,452929,Overall
36,women,9,458714,Overall
37,women,9,499218,Overall
38,women,9,550791,Overall
39,women,9,573222,Overall
40,women,9,615929,Overall
41,women,9,646698,Overall
42,women,9,666294,Overall
43,women,9,686459,Overall
44,women,9,688755,Overall
45,women,9,704155,Overall
46,women,9,700378,Overall
47,women,9,681157,Overall
48,women,9,674987,Overall
49,women,9,653848,Overall
50,women,9,636849,Overall
51,women,9,602861,Overall
52,women,9,591685,Overall
53,women,9,578187,Overall
54,women,9,564312,Overall
55,women,9,558988,Overall
56,women,9,543984,Overall
57,women,9,544520,Overall
58,women,9,534393,Overall
59,women,9,535372,Overall
60,women,9,516821,Overall
61,women,9,471896,Overall
62,women,9,445271,Overall
63,women,9,389822,Overall
64,women,9,346231,Overall
65,women,9,460373,Overall
66,women,9,466261,Overall
67,women,9,452695,Overall
68,women,9,552328,Overall
69,women,9,582481,Overall
70,women,9,573239,Overall
71,women,9,531779,Overall
72,women,9,495190,Overall
73,women,9,478403,Overall
74,women,9,458191,Overall
75,women,9,420762,Overall
76,women,9,335160,Overall
77,women,9,329762,Overall
78,women,9,330567,Overall
79,women,9,341569,Overall
80,women,9,323998,Overall
81,women,9,310143,Overall
82,women,9,284602,Overall
83,women,9,274451,Overall
84,women,9,262326,Overall
85,women,9,233268,Overall
86,women,9,210684,Overall
87,women,9,194728,Overall
88,women,9,179784,Overall
89,women,9,152811,Overall
90,women,9,140499.594945851,Overall
91,women,9,113556.508394123,Overall
92,women,9,77247.468936992,Overall
93,women,9,40250.8357745274,Overall
94,women,9,14620.6644376242,Overall
95,women,9,3369.33370360685,Overall
0,men,10,346365,Overall
1,men,10,342570,Overall
2,men,10,352476,Overall
3,men,10,353402,Overall
4,men,10,347429,Overall
5,men,10,352334,Overall
6,men,10,361520,Overall
7,men,10,361801,Overall
8,men,10,368996,Overall
9,men,10,378338,Overall
10,men,10,394433,Overall
11,men,10,396456,Overall
12,men,10,404586,Overall
13,men,10,417218,Overall
14,men,10,410474,Overall
15,men,10,397722,Overall
16,men,10,403664,Overall
17,men,10,417357,Overall
18,men,10,423739,Overall
19,men,10,443315,Overall
20,men,10,491447,Overall
21,men,10,487753,Overall
22,men,10,505449,Overall
23,men,10,499597,Overall
24,men,10,492645,Overall
25,men,10,478420,Overall
26,men,10,480199,Overall
27,men,10,484590,Overall
28,men,10,498695,Overall
29,men,10,494665,Overall
30,men,10,495961,Overall
31,men,10,474515,Overall
32,men,10,469714,Overall
33,men,10,467097,Overall
34,men,10,458427,Overall
35,men,10,447585,Overall
36,men,10,454339,Overall
37,men,10,460198,Overall
38,men,10,503348,Overall
39,men,10,558756,Overall
40,men,10,581330,Overall
41,men,10,629913,Overall
42,men,10,661795,Overall
43,men,10,681618,Overall
44,men,10,704211,Overall
45,men,10,709941,Overall
46,men,10,723700,Overall
47,men,10,718528,Overall
48,men,10,694586,Overall
49,men,10,683528,Overall
50,men,10,660870,Overall
51,men,10,643841,Overall
52,men,10,608214,Overall
53,men,10,594253,Overall
54,men,10,576679,Overall
55,men,10,556325,Overall
56,men,10,541836,Overall
57,men,10,522535,Overall
58,men,10,521644,Overall
59,men,10,511032,Overall
60,men,10,510233,Overall
61,men,10,494743,Overall
62,men,10,452623,Overall
63,men,10,422292,Overall
64,men,10,366908,Overall
65,men,10,317627,Overall
66,men,10,423714,Overall
67,men,10,428076,Overall
68,men,10,411339,Overall
69,men,10,492250,Overall
70,men,10,509587,Overall
71,men,10,492673,Overall
72,men,10,450259,Overall
73,men,10,409665,Overall
74,men,10,384331,Overall
75,men,10,358924,Overall
76,men,10,320072,Overall
77,men,10,245949,Overall
78,men,10,232123,Overall
79,men,10,222417,Overall
80,men,10,218287,Overall
81,men,10,197382,Overall
82,men,10,179784,Overall
83,men,10,148309,Overall
84,men,10,124818,Overall
85,men,10,105555,Overall
86,men,10,80302,Overall
87,men,10,66932,Overall
88,men,10,59074,Overall
89,men,10,49652,Overall
90,men,10,41691.1910099979,Overall
91,men,10,29347.3961158023,Overall
92,men,10,17073.0191167962,Overall
93,men,10,7471.28552091049,Overall
94,men,10,2238.48077459915,Overall
95,men,10,417.939294955422,Overall
0,women,10,330034,Overall
1,women,10,325304,Overall
2,women,10,335212,Overall
3,women,10,335032,Overall
4,women,10,328725,Overall
5,women,10,334573,Overall
6,women,10,343316,Overall
7,women,10,343675,Overall
8,women,10,349995,Overall
9,women,10,358207,Overall
10,women,10,375177,Overall
11,women,10,375710,Overall
12,women,10,384809,Overall
13,women,10,397076,Overall
14,women,10,389578,Overall
15,women,10,377909,Overall
16,women,10,383118,Overall
17,women,10,396525,Overall
18,women,10,405030,Overall
19,women,10,424045,Overall
20,women,10,470755,Overall
21,women,10,470076,Overall
22,women,10,485657,Overall
23,women,10,480292,Overall
24,women,10,478536,Overall
25,women,10,466046,Overall
26,women,10,468262,Overall
27,women,10,474504,Overall
28,women,10,488522,Overall
29,women,10,490546,Overall
30,women,10,493619,Overall
31,women,10,471706,Overall
32,women,10,466363,Overall
33,women,10,463096,Overall
34,women,10,456828,Overall
35,women,10,444115,Overall
36,women,10,453147,Overall
37,women,10,458691,Overall
38,women,10,498978,Overall
39,women,10,550699,Overall
40,women,10,572881,Overall
41,women,10,615557,Overall
42,women,10,646047,Overall
43,women,10,665880,Overall
44,women,10,685766,Overall
45,women,10,687988,Overall
46,women,10,703501,Overall
47,women,10,699280,Overall
48,women,10,680082,Overall
49,women,10,673725,Overall
50,women,10,652324,Overall
51,women,10,635448,Overall
52,women,10,601368,Overall
53,women,10,589901,Overall
54,women,10,576204,Overall
55,women,10,562358,Overall
56,women,10,556854,Overall
57,women,10,541728,Overall
58,women,10,542044,Overall
59,women,10,531797,Overall
60,women,10,532163,Overall
61,women,10,513619,Overall
62,women,10,468534,Overall
63,women,10,442026,Overall
64,women,10,386693,Overall
65,women,10,342911,Overall
66,women,10,456114,Overall
67,women,10,461752,Overall
68,women,10,447925,Overall
69,women,10,546312,Overall
70,women,10,575509,Overall
71,women,10,566002,Overall
72,women,10,524227,Overall
73,women,10,487272,Overall
74,women,10,469584,Overall
75,women,10,448674,Overall
76,women,10,410640,Overall
77,women,10,326039,Overall
78,women,10,319416,Overall
79,women,10,318833,Overall
80,women,10,328000,Overall
81,women,10,309277,Overall
82,women,10,293888,Overall
83,women,10,267374,Overall
84,women,10,255513,Overall
85,women,10,241776,Overall
86,women,10,212239,Overall
87,women,10,188780,Overall
88,women,10,172053,Overall
89,women,10,156030,Overall
90,women,10,147734.380610146,Overall
91,women,10,115860.602420181,Overall
92,women,10,75942.7638716831,Overall
93,women,10,38065.5092090447,Overall
94,women,10,13349.6455722457,Overall
95,women,10,2997.08384256387,Overall
0,men,11,337491,Overall
1,men,11,347809,Overall
2,men,11,343588,Overall
3,men,11,353487,Overall
4,men,11,354101,Overall
5,men,11,348046,Overall
6,men,11,352481,Overall
7,men,11,362049,Overall
8,men,11,362379,Overall
9,men,11,369640,Overall
10,men,11,379094,Overall
11,men,11,395373,Overall
12,men,11,397227,Overall
13,men,11,405287,Overall
14,men,11,418001,Overall
15,men,11,411488,Overall
16,men,11,399529,Overall
17,men,11,405181,Overall
18,men,11,420300,Overall
19,men,11,428585,Overall
20,men,11,449237,Overall
21,men,11,497885,Overall
22,men,11,494404,Overall
23,men,11,512860,Overall
24,men,11,506758,Overall
25,men,11,499365,Overall
26,men,11,484494,Overall
27,men,11,485568,Overall
28,men,11,489574,Overall
29,men,11,502860,Overall
30,men,11,498101,Overall
31,men,11,499241,Overall
32,men,11,477058,Overall
33,men,11,472233,Overall
34,men,11,469563,Overall
35,men,11,460545,Overall
36,men,11,449668,Overall
37,men,11,456093,Overall
38,men,11,461806,Overall
39,men,11,504448,Overall
40,men,11,559335,Overall
41,men,11,581744,Overall
42,men,11,629955,Overall
43,men,11,661704,Overall
44,men,11,681421,Overall
45,men,11,703638,Overall
46,men,11,708958,Overall
47,men,11,722224,Overall
48,men,11,716915,Overall
49,men,11,692770,Overall
50,men,11,681686,Overall
51,men,11,658318,Overall
52,men,11,641076,Overall
53,men,11,605312,Overall
54,men,11,590934,Overall
55,men,11,572971,Overall
56,men,11,552415,Overall
57,men,11,537623,Overall
58,men,11,517896,Overall
59,men,11,516469,Overall
60,men,11,505374,Overall
61,men,11,504199,Overall
62,men,11,488439,Overall
63,men,11,446402,Overall
64,men,11,415921,Overall
65,men,11,360573,Overall
66,men,11,311783,Overall
67,men,11,415717,Overall
68,men,11,419615,Overall
69,men,11,402603,Overall
70,men,11,480974,Overall
71,men,11,496958,Overall
72,men,11,479613,Overall
73,men,11,437250,Overall
74,men,11,396644,Overall
75,men,11,370645,Overall
76,men,11,344499,Overall
77,men,11,305868,Overall
78,men,11,233524,Overall
79,men,11,219102,Overall
80,men,11,208649,Overall
81,men,11,203389,Overall
82,men,11,182267,Overall
83,men,11,164421,Overall
84,men,11,134331,Overall
85,men,11,111733,Overall
86,men,11,93175,Overall
87,men,11,69766,Overall
88,men,11,57204,Overall
89,men,11,49580,Overall
90,men,11,45047.9851876038,Overall
91,men,11,31359.989698029,Overall
92,men,11,17887.4110157365,Overall
93,men,11,7590.08578455736,Overall
94,men,11,2175.35476625573,Overall
95,men,11,382.344020102913,Overall
0,women,11,320841,Overall
1,women,11,331427,Overall
2,women,11,325991,Overall
3,women,11,336204,Overall
4,women,11,335647,Overall
5,women,11,329292,Overall
6,women,11,334787,Overall
7,women,11,343904,Overall
8,women,11,344265,Overall
9,women,11,350483,Overall
10,women,11,358677,Overall
11,women,11,375808,Overall
12,women,11,376312,Overall
13,women,11,385472,Overall
14,women,11,397843,Overall
15,women,11,390419,Overall
16,women,11,379122,Overall
17,women,11,384207,Overall
18,women,11,399178,Overall
19,women,11,409937,Overall
20,women,11,430391,Overall
21,women,11,476995,Overall
22,women,11,475624,Overall
23,women,11,492088,Overall
24,women,11,485835,Overall
25,women,11,483393,Overall
26,women,11,470021,Overall
27,women,11,471646,Overall
28,women,11,477411,Overall
29,women,11,491075,Overall
30,women,11,492539,Overall
31,women,11,495397,Overall
32,women,11,473287,Overall
33,women,11,467930,Overall
34,women,11,464605,Overall
35,women,11,458118,Overall
36,women,11,445255,Overall
37,women,11,454315,Overall
38,women,11,459567,Overall
39,women,11,499631,Overall
40,women,11,551398,Overall
41,women,11,573174,Overall
42,women,11,615826,Overall
43,women,11,646200,Overall
44,women,11,665873,Overall
45,women,11,685674,Overall
46,women,11,687675,Overall
47,women,11,702860,Overall
48,women,11,698687,Overall
49,women,11,679359,Overall
50,women,11,672778,Overall
51,women,11,651174,Overall
52,women,11,634292,Overall
53,women,11,600035,Overall
54,women,11,588475,Overall
55,women,11,574344,Overall
56,women,11,560430,Overall
57,women,11,554749,Overall
58,women,11,539432,Overall
59,women,11,539263,Overall
60,women,11,528753,Overall
61,women,11,528754,Overall
62,women,11,510179,Overall
63,women,11,465029,Overall
64,women,11,438520,Overall
65,women,11,383150,Overall
66,women,11,339695,Overall
67,women,11,451702,Overall
68,women,11,457085,Overall
69,women,11,442821,Overall
70,women,11,539956,Overall
71,women,11,568121,Overall
72,women,11,558229,Overall
73,women,11,516031,Overall
74,women,11,478768,Overall
75,women,11,460002,Overall
76,women,11,438410,Overall
77,women,11,399917,Overall
78,women,11,316284,Overall
79,women,11,308721,Overall
80,women,11,306544,Overall
81,women,11,313686,Overall
82,women,11,293571,Overall
83,women,11,276852,Overall
84,women,11,249721,Overall
85,women,11,235984,Overall
86,women,11,220744,Overall
87,women,11,191118,Overall
88,women,11,167556,Overall
89,women,11,150028,Overall
90,women,11,154092.08409661,Overall
91,women,11,120411.138131765,Overall
92,women,11,78231.5037638245,Overall
93,women,11,38627.8503029854,Overall
94,women,11,13249.4669240461,Overall
95,women,11,2885.69505381691,Overall
0,men,12,345987,Overall
1,men,12,341450,Overall
2,men,12,350534,Overall
3,men,12,345843,Overall
4,men,12,355497,Overall
5,men,12,355946,Overall
6,men,12,349430,Overall
7,men,12,354047,Overall
8,men,12,363634,Overall
9,men,12,364094,Overall
10,men,12,371262,Overall
11,men,12,380625,Overall
12,men,12,397086,Overall
13,men,12,398743,Overall
14,men,12,406763,Overall
15,men,12,419850,Overall
16,men,12,413981,Overall
17,men,12,401881,Overall
18,men,12,409325,Overall
19,men,12,427173,Overall
20,men,12,436659,Overall
21,men,12,457637,Overall
22,men,12,506959,Overall
23,men,12,504480,Overall
24,men,12,522826,Overall
25,men,12,516186,Overall
26,men,12,508240,Overall
27,men,12,492650,Overall
28,men,12,493215,Overall
29,men,12,496340,Overall
30,men,12,509069,Overall
31,men,12,503976,Overall
32,men,12,504384,Overall
33,men,12,482236,Overall
34,men,12,476846,Overall
35,men,12,473924,Overall
36,men,12,464830,Overall
37,men,12,453873,Overall
38,men,12,459627,Overall
39,men,12,465095,Overall
40,men,12,507509,Overall
41,men,12,562426,Overall
42,men,12,584257,Overall
43,men,12,632277,Overall
44,men,12,663538,Overall
45,men,12,682713,Overall
46,men,12,704379,Overall
47,men,12,709241,Overall
48,men,12,722309,Overall
49,men,12,716393,Overall
50,men,12,691967,Overall
51,men,12,680451,Overall
52,men,12,656755,Overall
53,men,12,639144,Overall
54,men,12,603042,Overall
55,men,12,588349,Overall
56,men,12,569966,Overall
57,men,12,548968,Overall
58,men,12,533700,Overall
59,men,12,513489,Overall
60,men,12,511566,Overall
61,men,12,500160,Overall
62,men,12,498521,Overall
63,men,12,482106,Overall
64,men,12,440203,Overall
65,men,12,409528,Overall
66,men,12,354444,Overall
67,men,12,306329,Overall
68,men,12,407759,Overall
69,men,12,411093,Overall
70,men,12,393870,Overall
71,men,12,469677,Overall
72,men,12,484252,Overall
73,men,12,465943,Overall
74,men,12,423782,Overall
75,men,12,383067,Overall
76,men,12,356626,Overall
77,men,12,329803,Overall
78,men,12,291345,Overall
79,men,12,220938,Overall
80,men,12,205791,Overall
81,men,12,194328,Overall
82,men,12,187993,Overall
83,men,12,166713,Overall
84,men,12,148968,Overall
85,men,12,120209,Overall
86,men,12,98820,Overall
87,men,12,81020,Overall
88,men,12,59731,Overall
89,men,12,48033,Overall
90,men,12,48506.313086948,Overall
91,men,12,34484.7644797587,Overall
92,men,12,20007.9332850634,Overall
93,men,12,8533.84795697105,Overall
94,men,12,2410.33280555754,Overall
95,men,12,406.088133596506,Overall
0,women,12,328424,Overall
1,women,12,324398,Overall
2,women,12,333776,Overall
3,women,12,328157,Overall
4,women,12,338176,Overall
5,women,12,337377,Overall
6,women,12,330494,Overall
7,women,12,336208,Overall
8,women,12,345307,Overall
9,women,12,345772,Overall
10,women,12,351900,Overall
11,women,12,360084,Overall
12,women,12,377333,Overall
13,women,12,377762,Overall
14,women,12,386794,Overall
15,women,12,399231,Overall
16,women,12,392199,Overall
17,women,12,380842,Overall
18,women,12,387726,Overall
19,women,12,405897,Overall
20,women,12,418170,Overall
21,women,12,438410,Overall
22,women,12,485243,Overall
23,women,12,484370,Overall
24,women,12,499927,Overall
25,women,12,492943,Overall
26,women,12,489744,Overall
27,women,12,475815,Overall
28,women,12,476747,Overall
29,women,12,481999,Overall
30,women,12,495268,Overall
31,women,12,496479,Overall
32,women,12,499255,Overall
33,women,12,476648,Overall
34,women,12,470965,Overall
35,women,12,467494,Overall
36,women,12,460737,Overall
37,women,12,447891,Overall
38,women,12,456664,Overall
39,women,12,461881,Overall
40,women,12,501782,Overall
41,women,12,553128,Overall
42,women,12,574871,Overall
43,women,12,617164,Overall
44,women,12,647571,Overall
45,women,12,667014,Overall
46,women,12,686405,Overall
47,women,12,688004,Overall
48,women,12,703098,Overall
49,women,12,698645,Overall
50,women,12,679132,Overall
51,women,12,672380,Overall
52,women,12,650605,Overall
53,women,12,633395,Overall
54,women,12,599063,Overall
55,women,12,587365,Overall
56,women,12,572893,Overall
57,women,12,558701,Overall
58,women,12,552881,Overall
59,women,12,537307,Overall
60,women,12,536691,Overall
61,women,12,526007,Overall
62,women,12,525646,Overall
63,women,12,506993,Overall
64,women,12,461711,Overall
65,women,12,435041,Overall
66,women,12,379811,Overall
67,women,12,336545,Overall
68,women,12,447193,Overall
69,women,12,452372,Overall
70,women,12,437776,Overall
71,women,12,533179,Overall
72,women,12,560362,Overall
73,women,12,549981,Overall
74,women,12,507450,Overall
75,women,12,469763,Overall
76,women,12,449952,Overall
77,women,12,427405,Overall
78,women,12,388458,Overall
79,women,12,305692,Overall
80,women,12,296941,Overall
81,women,12,293235,Overall
82,women,12,297883,Overall
83,women,12,276704,Overall
84,women,12,258276,Overall
85,women,12,230890,Overall
86,women,12,215518,Overall
87,women,12,198999,Overall
88,women,12,169416,Overall
89,women,12,146095,Overall
90,women,12,158890.669319829,Overall
91,women,12,127853.053164243,Overall
92,women,12,85292.9606371211,Overall
93,women,12,42741.7694695034,Overall
94,women,12,14577.2926367192,Overall
95,women,12,3065.73179844123,Overall
0,men,13,350282,Overall
1,men,13,351068,Overall
2,men,13,344706,Overall
3,men,13,353478,Overall
4,men,13,348767,Overall
5,men,13,358151,Overall
6,men,13,358017,Overall
7,men,13,351653,Overall
8,men,13,356195,Overall
9,men,13,365864,Overall
10,men,13,366240,Overall
11,men,13,373361,Overall
12,men,13,382694,Overall
13,men,13,399112,Overall
14,men,13,400750,Overall
15,men,13,408980,Overall
16,men,13,422872,Overall
17,men,13,416947,Overall
18,men,13,408153,Overall
19,men,13,418858,Overall
20,men,13,436867,Overall
21,men,13,446567,Overall
22,men,13,467865,Overall
23,men,13,518724,Overall
24,men,13,515501,Overall
25,men,13,533628,Overall
26,men,13,526086,Overall
27,men,13,517476,Overall
28,men,13,501364,Overall
29,men,13,500818,Overall
30,men,13,503255,Overall
31,men,13,515210,Overall
32,men,13,509577,Overall
33,men,13,510197,Overall
34,men,13,487231,Overall
35,men,13,481572,Overall
36,men,13,478577,Overall
37,men,13,469018,Overall
38,men,13,457821,Overall
39,men,13,463438,Overall
40,men,13,468173,Overall
41,men,13,510639,Overall
42,men,13,565145,Overall
43,men,13,586640,Overall
44,men,13,634234,Overall
45,men,13,665347,Overall
46,men,13,683925,Overall
47,men,13,704848,Overall
48,men,13,709382,Overall
49,men,13,722133,Overall
50,men,13,715616,Overall
51,men,13,690842,Overall
52,men,13,678840,Overall
53,men,13,654794,Overall
54,men,13,636781,Overall
55,men,13,600210,Overall
56,men,13,585174,Overall
57,men,13,566492,Overall
58,men,13,544901,Overall
59,men,13,529193,Overall
60,men,13,508704,Overall
61,men,13,506181,Overall
62,men,13,494624,Overall
63,men,13,492253,Overall
64,men,13,475445,Overall
65,men,13,433448,Overall
66,men,13,402581,Overall
67,men,13,348044,Overall
68,men,13,300284,Overall
69,men,13,399393,Overall
70,men,13,402015,Overall
71,men,13,384523,Overall
72,men,13,457559,Overall
73,men,13,470617,Overall
74,men,13,451644,Overall
75,men,13,409514,Overall
76,men,13,368683,Overall
77,men,13,341630,Overall
78,men,13,314317,Overall
79,men,13,276006,Overall
80,men,13,207639,Overall
81,men,13,192103,Overall
82,men,13,179748,Overall
83,men,13,171834,Overall
84,men,13,150781,Overall
85,men,13,133144,Overall
86,men,13,106160,Overall
87,men,13,85921,Overall
88,men,13,69287,Overall
89,men,13,50063,Overall
90,men,13,52018.0406503823,Overall
91,men,13,38757.619069028,Overall
92,men,13,23559.3670738119,Overall
93,men,13,10393.7870979387,Overall
94,men,13,2960.65582230713,Overall
95,men,13,484.402280510657,Overall
0,women,13,332788,Overall
1,women,13,333269,Overall
2,women,13,327618,Overall
3,women,13,336633,Overall
4,women,13,330883,Overall
5,women,13,340856,Overall
6,women,13,339320,Overall
7,women,13,332667,Overall
8,women,13,338362,Overall
9,women,13,347475,Overall
10,women,13,347814,Overall
11,women,13,353805,Overall
12,women,13,361982,Overall
13,women,13,379174,Overall
14,women,13,379448,Overall
15,women,13,388627,Overall
16,women,13,401418,Overall
17,women,13,394253,Overall
18,women,13,385137,Overall
19,women,13,395252,Overall
20,women,13,415251,Overall
21,women,13,426913,Overall
22,women,13,446854,Overall
23,women,13,494482,Overall
24,women,13,493007,Overall
25,women,13,507705,Overall
26,women,13,499767,Overall
27,women,13,495944,Overall
28,women,13,481596,Overall
29,women,13,482042,Overall
30,women,13,486678,Overall
31,women,13,499939,Overall
32,women,13,500479,Overall
33,women,13,503081,Overall
34,women,13,480322,Overall
35,women,13,474474,Overall
36,women,13,470570,Overall
37,women,13,463710,Overall
38,women,13,450630,Overall
39,women,13,459295,Overall
40,women,13,464328,Overall
41,women,13,504019,Overall
42,women,13,555059,Overall
43,women,13,576696,Overall
44,women,13,618966,Overall
45,women,13,649023,Overall
46,women,13,668124,Overall
47,women,13,687004,Overall
48,women,13,688428,Overall
49,women,13,703380,Overall
50,women,13,698830,Overall
51,women,13,678865,Overall
52,women,13,671885,Overall
53,women,13,649900,Overall
54,women,13,632505,Overall
55,women,13,598011,Overall
56,women,13,585935,Overall
57,women,13,571272,Overall
58,women,13,556882,Overall
59,women,13,550822,Overall
60,women,13,534936,Overall
61,women,13,533996,Overall
62,women,13,523143,Overall
63,women,13,522229,Overall
64,women,13,503439,Overall
65,women,13,457923,Overall
66,women,13,431202,Overall
67,women,13,376186,Overall
68,women,13,333074,Overall
69,women,13,442260,Overall
70,women,13,447112,Overall
71,women,13,432185,Overall
72,women,13,525888,Overall
73,women,13,551988,Overall
74,women,13,540789,Overall
75,women,13,498126,Overall
76,women,13,459667,Overall
77,women,13,438833,Overall
78,women,13,415265,Overall
79,women,13,375694,Overall
80,women,13,294008,Overall
81,women,13,284116,Overall
82,women,13,278556,Overall
83,women,13,280616,Overall
84,women,13,258308,Overall
85,women,13,238692,Overall
86,women,13,210615,Overall
87,women,13,194259,Overall
88,women,13,176398,Overall
89,women,13,147532,Overall
90,women,13,162170.858684383,Overall
91,women,13,137877.120989969,Overall
92,women,13,97033.6362289775,Overall
93,women,13,50425.2254600489,Overall
94,women,13,17260.507683931,Overall
95,women,13,3471.55610955161,Overall
0,men,14,367563,Overall
1,men,14,357015,Overall
2,men,14,356316,Overall
3,men,14,349198,Overall
4,men,14,357848,Overall
5,men,14,353123,Overall
6,men,14,361899,Overall
7,men,14,361652,Overall
8,men,14,355412,Overall
9,men,14,359878,Overall
10,men,14,369406,Overall
11,men,14,369612,Overall
12,men,14,376432,Overall
13,men,14,385989,Overall
14,men,14,402305,Overall
15,men,14,404519,Overall
16,men,14,414362,Overall
17,men,14,428231,Overall
18,men,14,426521,Overall
19,men,14,421020,Overall
20,men,14,432716,Overall
21,men,14,450035,Overall
22,men,14,459824,Overall
23,men,14,481990,Overall
24,men,14,533339,Overall
25,men,14,528866,Overall
26,men,14,546727,Overall
27,men,14,537339,Overall
28,men,14,528076,Overall
29,men,14,511013,Overall
30,men,14,509925,Overall
31,men,14,510873,Overall
32,men,14,522297,Overall
33,men,14,516101,Overall
34,men,14,516859,Overall
35,men,14,492886,Overall
36,men,14,487057,Overall
37,men,14,483642,Overall
38,men,14,473637,Overall
39,men,14,462223,Overall
40,men,14,467677,Overall
41,men,14,471883,Overall
42,men,14,514066,Overall
43,men,14,567973,Overall
44,men,14,589545,Overall
45,men,14,636515,Overall
46,men,14,667294,Overall
47,men,14,685436,Overall
48,men,14,705545,Overall
49,men,14,709406,Overall
50,men,14,721521,Overall
51,men,14,714491,Overall
52,men,14,689365,Overall
53,men,14,676981,Overall
54,men,14,652446,Overall
55,men,14,633996,Overall
56,men,14,597118,Overall
57,men,14,581600,Overall
58,men,14,562594,Overall
59,men,14,540425,Overall
60,men,14,524440,Overall
61,men,14,503398,Overall
62,men,14,500343,Overall
63,men,14,488275,Overall
64,men,14,485673,Overall
65,men,14,468215,Overall
66,men,14,426282,Overall
67,men,14,395698,Overall
68,men,14,341543,Overall
69,men,14,294231,Overall
70,men,14,390745,Overall
71,men,14,392647,Overall
72,men,14,375001,Overall
73,men,14,444900,Overall
74,men,14,456567,Overall
75,men,14,436973,Overall
76,men,14,394993,Overall
77,men,14,354121,Overall
78,men,14,326505,Overall
79,men,14,298913,Overall
80,men,14,260419,Overall
81,men,14,194658,Overall
82,men,14,178403,Overall
83,men,14,165283,Overall
84,men,14,156351,Overall
85,men,14,135621,Overall
86,men,14,118138,Overall
87,men,14,92916,Overall
88,men,14,74263,Overall
89,men,14,58715,Overall
90,men,14,55576.3982968473,Overall
91,men,14,44034.4887222479,Overall
92,men,14,28505.2227599011,Overall
93,men,14,13206.3488822285,Overall
94,men,14,3835.88751889185,Overall
95,men,14,611.887606048205,Overall
0,women,14,348856,Overall
1,women,14,338900,Overall
2,women,14,338053,Overall
3,women,14,331911,Overall
4,women,14,340751,Overall
5,women,14,334728,Overall
6,women,14,344281,Overall
7,women,14,342682,Overall
8,women,14,336078,Overall
9,women,14,341745,Overall
10,women,14,350616,Overall
11,women,14,350910,Overall
12,women,14,356637,Overall
13,women,14,364876,Overall
14,women,14,382051,Overall
15,women,14,382142,Overall
16,women,14,391637,Overall
17,women,14,404406,Overall
18,women,14,399698,Overall
19,women,14,394252,Overall
20,women,14,406457,Overall
21,women,14,424922,Overall
22,women,14,436098,Overall
23,women,14,456828,Overall
24,women,14,504119,Overall
25,women,14,501825,Overall
26,women,14,515448,Overall
27,women,14,507022,Overall
28,women,14,502548,Overall
29,women,14,487962,Overall
30,women,14,487995,Overall
31,women,14,492174,Overall
32,women,14,505038,Overall
33,women,14,505079,Overall
34,women,14,507740,Overall
35,women,14,484850,Overall
36,women,14,478458,Overall
37,women,14,474312,Overall
38,women,14,467299,Overall
39,women,14,454252,Overall
40,women,14,462502,Overall
41,women,14,467300,Overall
42,women,14,506780,Overall
43,women,14,557547,Overall
44,women,14,579006,Overall
45,women,14,620979,Overall
46,women,14,650747,Overall
47,women,14,669462,Overall
48,women,14,687907,Overall
49,women,14,689133,Overall
50,women,14,703668,Overall
51,women,14,698833,Overall
52,women,14,678727,Overall
53,women,14,671413,Overall
54,women,14,649207,Overall
55,women,14,631628,Overall
56,women,14,596851,Overall
57,women,14,584477,Overall
58,women,14,569613,Overall
59,women,14,554830,Overall
60,women,14,548380,Overall
61,women,14,532319,Overall
62,women,14,531306,Overall
63,women,14,519980,Overall
64,women,14,518863,Overall
65,women,14,499605,Overall
66,women,14,454034,Overall
67,women,14,427281,Overall
68,women,14,372468,Overall
69,women,14,329537,Overall
70,women,14,437094,Overall
71,women,14,441561,Overall
72,women,14,426336,Overall
73,women,14,518233,Overall
74,women,14,543130,Overall
75,women,14,531233,Overall
76,women,14,487891,Overall
77,women,14,449056,Overall
78,women,14,427041,Overall
79,women,14,402579,Overall
80,women,14,362291,Overall
81,women,14,281809,Overall
82,women,14,270703,Overall
83,women,14,263433,Overall
84,women,14,263352,Overall
85,women,14,240083,Overall
86,women,14,219037,Overall
87,women,14,190853,Overall
88,women,14,173592,Overall
89,women,14,154960,Overall
90,women,14,164340.714434203,Overall
91,women,14,149581.776806901,Overall
92,women,14,112472.640696135,Overall
93,women,14,61074.2584901227,Overall
94,women,14,20937.31756889,Overall
95,women,14,3961.355547849,Overall
0,men,15,382551,Overall
1,men,15,380101,Overall
2,men,15,367786,Overall
3,men,15,366762,Overall
4,men,15,359093,Overall
5,men,15,367898,Overall
6,men,15,362274,Overall
7,men,15,371378,Overall
8,men,15,370501,Overall
9,men,15,363739,Overall
10,men,15,368339,Overall
11,men,15,377066,Overall
12,men,15,377366,Overall
13,men,15,384238,Overall
14,men,15,394959,Overall
15,men,15,414430,Overall
16,men,15,423269,Overall
17,men,15,433447,Overall
18,men,15,459532,Overall
19,men,15,458792,Overall
20,men,15,454777,Overall
21,men,15,462645,Overall
22,men,15,479967,Overall
23,men,15,490304,Overall
24,men,15,510875,Overall
25,men,15,564094,Overall
26,men,15,555439,Overall
27,men,15,571878,Overall
28,men,15,559651,Overall
29,men,15,547653,Overall
30,men,15,530264,Overall
31,men,15,526211,Overall
32,men,15,525713,Overall
33,men,15,536345,Overall
34,men,15,528536,Overall
35,men,15,530571,Overall
36,men,15,503981,Overall
37,men,15,497251,Overall
38,men,15,493218,Overall
39,men,15,482259,Overall
40,men,15,470864,Overall
41,men,15,475238,Overall
42,men,15,478608,Overall
43,men,15,520434,Overall
44,men,15,573664,Overall
45,men,15,594848,Overall
46,men,15,640979,Overall
47,men,15,671085,Overall
48,men,15,688363,Overall
49,men,15,707270,Overall
50,men,15,710458,Overall
51,men,15,721941,Overall
52,men,15,714227,Overall
53,men,15,688648,Overall
54,men,15,675553,Overall
55,men,15,650555,Overall
56,men,15,631174,Overall
57,men,15,594323,Overall
58,men,15,577953,Overall
59,men,15,558486,Overall
60,men,15,536080,Overall
61,men,15,519384,Overall
62,men,15,498035,Overall
63,men,15,494051,Overall
64,men,15,481708,Overall
65,men,15,478436,Overall
66,men,15,460601,Overall
67,men,15,418628,Overall
68,men,15,388193,Overall
69,men,15,334464,Overall
70,men,15,287518,Overall
71,men,15,381396,Overall
72,men,15,382470,Overall
73,men,15,364626,Overall
74,men,15,431361,Overall
75,men,15,441132,Overall
76,men,15,420883,Overall
77,men,15,379043,Overall
78,men,15,338294,Overall
79,men,15,310317,Overall
80,men,15,281699,Overall
81,men,15,243568,Overall
82,men,15,180373,Overall
83,men,15,163714,Overall
84,men,15,150123,Overall
85,men,15,139960,Overall
86,men,15,119675,Overall
87,men,15,102853,Overall
88,men,15,79586,Overall
89,men,15,62456,Overall
90,men,15,59177.4732692429,Overall
91,men,15,50021.6073301953,Overall
92,men,15,34591.2147907045,Overall
93,men,15,16857.8591942671,Overall
94,men,15,4987.56945766897,Overall
95,men,15,771.697171221856,Overall
0,women,15,362170,Overall
1,women,15,359977,Overall
2,women,15,347822,Overall
3,women,15,346995,Overall
4,women,15,340289,Overall
5,women,15,348965,Overall
6,women,15,342442,Overall
7,women,15,351988,Overall
8,women,15,349951,Overall
9,women,15,342778,Overall
10,women,15,348360,Overall
11,women,15,356632,Overall
12,women,15,356615,Overall
13,women,15,362053,Overall
14,women,15,370038,Overall
15,women,15,387785,Overall
16,women,15,388025,Overall
17,women,15,397595,Overall
18,women,15,413639,Overall
19,women,15,413450,Overall
20,women,15,410082,Overall
21,women,15,420269,Overall
22,women,15,438088,Overall
23,women,15,450279,Overall
24,women,15,470592,Overall
25,women,15,517414,Overall
26,women,15,514168,Overall
27,women,15,527199,Overall
28,women,15,517800,Overall
29,women,15,512385,Overall
30,women,15,498019,Overall
31,women,15,497203,Overall
32,women,15,500561,Overall
33,women,15,512875,Overall
34,women,15,512133,Overall
35,women,15,515394,Overall
36,women,15,491704,Overall
37,women,15,484559,Overall
38,women,15,480310,Overall
39,women,15,472497,Overall
40,women,15,459589,Overall
41,women,15,467556,Overall
42,women,15,472076,Overall
43,women,15,510837,Overall
44,women,15,561222,Overall
45,women,15,582482,Overall
46,women,15,624114,Overall
47,women,15,653581,Overall
48,women,15,671607,Overall
49,women,15,689375,Overall
50,women,15,690454,Overall
51,women,15,704276,Overall
52,women,15,699283,Overall
53,women,15,678752,Overall
54,women,15,671173,Overall
55,women,15,648841,Overall
56,women,15,630592,Overall
57,women,15,595821,Overall
58,women,15,582959,Overall
59,women,15,567936,Overall
60,women,15,552816,Overall
61,women,15,545713,Overall
62,women,15,529608,Overall
63,women,15,528204,Overall
64,women,15,516457,Overall
65,women,15,515108,Overall
66,women,15,495342,Overall
67,women,15,449827,Overall
68,women,15,423014,Overall
69,women,15,368271,Overall
70,women,15,325616,Overall
71,women,15,431418,Overall
72,women,15,435355,Overall
73,women,15,419698,Overall
74,women,15,509735,Overall
75,women,15,533183,Overall
76,women,15,520075,Overall
77,women,15,476392,Overall
78,women,15,436966,Overall
79,women,15,413613,Overall
80,women,15,387957,Overall
81,women,15,347107,Overall
82,women,15,268040,Overall
83,women,15,255410,Overall
84,women,15,246421,Overall
85,women,15,243846,Overall
86,women,15,219512,Overall
87,women,15,197552,Overall
88,women,15,169661,Overall
89,women,15,151599,Overall
90,women,15,165866.694223276,Overall
91,women,15,161709.362528656,Overall
92,women,15,129692.148071697,Overall
93,women,15,73120.2139258769,Overall
94,women,15,24765.6187968087,Overall
95,women,15,4306.17409430905,Overall
0,men,16,403564,Overall
1,men,16,391699,Overall
2,men,16,386856,Overall
3,men,16,373724,Overall
4,men,16,372745,Overall
5,men,16,364483,Overall
6,men,16,372791,Overall
7,men,16,367520,Overall
8,men,16,376926,Overall
9,men,16,375470,Overall
10,men,16,368644,Overall
11,men,16,372775,Overall
12,men,16,381238,Overall
13,men,16,381743,Overall
14,men,16,389122,Overall
15,men,16,401366,Overall
16,men,16,425176,Overall
17,men,16,437671,Overall
18,men,16,448700,Overall
19,men,16,474485,Overall
20,men,16,472015,Overall
21,men,16,464476,Overall
22,men,16,472217,Overall
23,men,16,488896,Overall
24,men,16,498326,Overall
25,men,16,517835,Overall
26,men,16,569618,Overall
27,men,16,560561,Overall
28,men,16,576162,Overall
29,men,16,562929,Overall
30,men,16,550259,Overall
31,men,16,532987,Overall
32,men,16,528086,Overall
33,men,16,527169,Overall
34,men,16,537679,Overall
35,men,16,529587,Overall
36,men,16,531441,Overall
37,men,16,504917,Overall
38,men,16,497865,Overall
39,men,16,493796,Overall
40,men,16,482589,Overall
41,men,16,471244,Overall
42,men,16,475382,Overall
43,men,16,478790,Overall
44,men,16,520352,Overall
45,men,16,573121,Overall
46,men,16,594048,Overall
47,men,16,639442,Overall
48,men,16,669654,Overall
49,men,16,686478,Overall
50,men,16,704842,Overall
51,men,16,707768,Overall
52,men,16,718576,Overall
53,men,16,710558,Overall
54,men,16,684508,Overall
55,men,16,670968,Overall
56,men,16,646119,Overall
57,men,16,626157,Overall
58,men,16,589191,Overall
59,men,16,572312,Overall
60,men,16,552474,Overall
61,men,16,530011,Overall
62,men,16,513037,Overall
63,men,16,491105,Overall
64,men,16,486830,Overall
65,men,16,473859,Overall
66,men,16,470070,Overall
67,men,16,452030,Overall
68,men,16,410508,Overall
69,men,16,380141,Overall
70,men,16,326626,Overall
71,men,16,280396,Overall
72,men,16,371321,Overall
73,men,16,371729,Overall
74,men,16,353642,Overall
75,men,16,417244,Overall
76,men,16,425109,Overall
77,men,16,404467,Overall
78,men,16,362215,Overall
79,men,16,321645,Overall
80,men,16,293429,Overall
81,men,16,264228,Overall
82,men,16,226608,Overall
83,men,16,166139,Overall
84,men,16,149137,Overall
85,men,16,135075,Overall
86,men,16,124399,Overall
87,men,16,104534,Overall
88,men,16,88436,Overall
89,men,16,67258,Overall
90,men,16,62820.4379570615,Overall
91,men,16,56191.9239124181,Overall
92,men,16,41093.0948340747,Overall
93,men,16,20819.1714440487,Overall
94,men,16,6192.06221674861,Overall
95,men,16,916.140528362691,Overall
0,women,16,384735,Overall
1,women,16,370820,Overall
2,women,16,366361,Overall
3,women,16,353479,Overall
4,women,16,352463,Overall
5,women,16,345166,Overall
6,women,16,353199,Overall
7,women,16,347094,Overall
8,women,16,356978,Overall
9,women,16,354300,Overall
10,women,16,346854,Overall
11,women,16,352305,Overall
12,women,16,360196,Overall
13,women,16,360084,Overall
14,women,16,365234,Overall
15,women,16,373495,Overall
16,women,16,391999,Overall
17,women,16,391987,Overall
18,women,16,403949,Overall
19,women,16,424041,Overall
20,women,16,424854,Overall
21,women,16,419395,Overall
22,women,16,428110,Overall
23,women,16,446961,Overall
24,women,16,458781,Overall
25,women,16,478296,Overall
26,women,16,524395,Overall
27,women,16,520945,Overall
28,women,16,532729,Overall
29,women,16,523286,Overall
30,women,16,517944,Overall
31,women,16,503341,Overall
32,women,16,501801,Overall
33,women,16,505012,Overall
34,women,16,516797,Overall
35,women,16,515876,Overall
36,women,16,519009,Overall
37,women,16,494747,Overall
38,women,16,487725,Overall
39,women,16,483075,Overall
40,women,16,475288,Overall
41,women,16,461879,Overall
42,women,16,469802,Overall
43,women,16,474234,Overall
44,women,16,512426,Overall
45,women,16,562689,Overall
46,women,16,583694,Overall
47,women,16,624889,Overall
48,women,16,654117,Overall
49,women,16,671780,Overall
50,women,16,689115,Overall
51,women,16,689985,Overall
52,women,16,703375,Overall
53,women,16,698174,Overall
54,women,16,677406,Overall
55,women,16,669440,Overall
56,women,16,647001,Overall
57,women,16,628398,Overall
58,women,16,593393,Overall
59,women,16,580147,Overall
60,women,16,565179,Overall
61,women,16,549761,Overall
62,women,16,542480,Overall
63,women,16,526042,Overall
64,women,16,524361,Overall
65,women,16,512258,Overall
66,women,16,510567,Overall
67,women,16,490517,Overall
68,women,16,445053,Overall
69,women,16,418298,Overall
70,women,16,363537,Overall
71,women,16,321149,Overall
72,women,16,425271,Overall
73,women,16,428679,Overall
74,women,16,412587,Overall
75,women,16,500246,Overall
76,women,16,522375,Overall
77,women,16,508305,Overall
78,women,16,463957,Overall
79,women,16,423994,Overall
80,women,16,399061,Overall
81,women,16,372326,Overall
82,women,16,330744,Overall
83,women,16,253704,Overall
84,women,16,239595,Overall
85,women,16,228886,Overall
86,women,16,224013,Overall
87,women,16,199047,Overall
88,women,16,176474,Overall
89,women,16,149220,Overall
90,women,16,167247.15018621,Overall
91,women,16,172554.535566727,Overall
92,women,16,145261.171275818,Overall
93,women,16,83318.1496501731,Overall
94,women,16,27189.9247792292,Overall
95,women,16,4215.66520414474,Overall
0,men,17,402569,Overall
1,men,17,407765,Overall
2,men,17,395923,Overall
3,men,17,390784,Overall
4,men,17,377177,Overall
5,men,17,376371,Overall
6,men,17,367598,Overall
7,men,17,376147,Overall
8,men,17,370796,Overall
9,men,17,380506,Overall
10,men,17,378707,Overall
11,men,17,371956,Overall
12,men,17,375806,Overall
13,men,17,384110,Overall
14,men,17,384680,Overall
15,men,17,392357,Overall
16,men,17,405608,Overall
17,men,17,429432,Overall
18,men,17,444730,Overall
19,men,17,459185,Overall
20,men,17,483514,Overall
21,men,17,479705,Overall
22,men,17,472326,Overall
23,men,17,480760,Overall
24,men,17,496771,Overall
25,men,17,505167,Overall
26,men,17,524279,Overall
27,men,17,574870,Overall
28,men,17,565458,Overall
29,men,17,580048,Overall
30,men,17,566445,Overall
31,men,17,553350,Overall
32,men,17,535742,Overall
33,men,17,530930,Overall
34,men,17,530230,Overall
35,men,17,539828,Overall
36,men,17,531888,Overall
37,men,17,533983,Overall
38,men,17,507117,Overall
39,men,17,499977,Overall
40,men,17,495718,Overall
41,men,17,484721,Overall
42,men,17,473070,Overall
43,men,17,477311,Overall
44,men,17,480406,Overall
45,men,17,521427,Overall
46,men,17,573950,Overall
47,men,17,594683,Overall
48,men,17,639853,Overall
49,men,17,669314,Overall
50,men,17,685715,Overall
51,men,17,703280,Overall
52,men,17,705583,Overall
53,men,17,715918,Overall
54,men,17,707493,Overall
55,men,17,681241,Overall
56,men,17,667103,Overall
57,men,17,642005,Overall
58,men,17,621641,Overall
59,men,17,584304,Overall
60,men,17,566996,Overall
61,men,17,546690,Overall
62,men,17,523842,Overall
63,men,17,506353,Overall
64,men,17,484109,Overall
65,men,17,479386,Overall
66,men,17,465700,Overall
67,men,17,461795,Overall
68,men,17,443368,Overall
69,men,17,401902,Overall
70,men,17,371672,Overall
71,men,17,318537,Overall
72,men,17,272933,Overall
73,men,17,360766,Overall
74,men,17,360584,Overall
75,men,17,342076,Overall
76,men,17,402378,Overall
77,men,17,408245,Overall
78,men,17,387037,Overall
79,men,17,344699,Overall
80,men,17,304436,Overall
81,men,17,275597,Overall
82,men,17,245984,Overall
83,men,17,208971,Overall
84,men,17,151681,Overall
85,men,17,134100,Overall
86,men,17,120032,Overall
87,men,17,108785,Overall
88,men,17,89777,Overall
89,men,17,74526,Overall
90,men,17,66507.8537492914,Overall
91,men,17,61739.6967482489,Overall
92,men,17,46646.0263641394,Overall
93,men,17,23955.0168113517,Overall
94,men,17,6983.65914441502,Overall
95,men,17,965.266822450789,Overall
0,women,17,382505,Overall
1,women,17,388384,Overall
2,women,17,374705,Overall
3,women,17,370084,Overall
4,women,17,356882,Overall
5,women,17,355717,Overall
6,women,17,347930,Overall
7,women,17,356439,Overall
8,women,17,350372,Overall
9,women,17,360340,Overall
10,women,17,357375,Overall
11,women,17,349789,Overall
12,women,17,355014,Overall
13,women,17,362780,Overall
14,women,17,362548,Overall
15,women,17,367881,Overall
16,women,17,376356,Overall
17,women,17,394753,Overall
18,women,17,397216,Overall
19,women,17,413049,Overall
20,women,17,434650,Overall
21,women,17,434280,Overall
22,women,17,427501,Overall
23,women,17,437546,Overall
24,women,17,455461,Overall
25,women,17,466443,Overall
26,women,17,485393,Overall
27,women,17,530790,Overall
28,women,17,527097,Overall
29,women,17,538535,Overall
30,women,17,528288,Overall
31,women,17,522536,Overall
32,women,17,507806,Overall
33,women,17,505949,Overall
34,women,17,508976,Overall
35,women,17,520393,Overall
36,women,17,519324,Overall
37,women,17,522512,Overall
38,women,17,497611,Overall
39,women,17,490577,Overall
40,women,17,485768,Overall
41,women,17,478122,Overall
42,women,17,464448,Overall
43,women,17,472346,Overall
44,women,17,476447,Overall
45,women,17,514160,Overall
46,women,17,564343,Overall
47,women,17,584985,Overall
48,women,17,625809,Overall
49,women,17,654763,Overall
50,women,17,672112,Overall
51,women,17,689020,Overall
52,women,17,689495,Overall
53,women,17,702531,Overall
54,women,17,696898,Overall
55,women,17,675841,Overall
56,women,17,667542,Overall
57,women,17,644986,Overall
58,women,17,625938,Overall
59,women,17,590915,Overall
60,women,17,577318,Overall
61,women,17,561979,Overall
62,women,17,546495,Overall
63,women,17,538981,Overall
64,women,17,522290,Overall
65,women,17,520296,Overall
66,women,17,507989,Overall
67,women,17,505726,Overall
68,women,17,485519,Overall
69,women,17,440013,Overall
70,women,17,413143,Overall
71,women,17,358370,Overall
72,women,17,316369,Overall
73,women,17,418242,Overall
74,women,17,421293,Overall
75,women,17,404830,Overall
76,women,17,490065,Overall
77,women,17,510363,Overall
78,women,17,495420,Overall
79,women,17,450310,Overall
80,women,17,409364,Overall
81,women,17,383119,Overall
82,women,17,355053,Overall
83,women,17,312984,Overall
84,women,17,238023,Overall
85,women,17,222399,Overall
86,women,17,210002,Overall
87,women,17,203270,Overall
88,women,17,177652,Overall
89,women,17,154897,Overall
90,women,17,169000.449585586,Overall
91,women,17,180018.564168489,Overall
92,women,17,154305.551107375,Overall
93,women,17,86999.935703991,Overall
94,women,17,26373.4983066108,Overall
95,women,17,3513.71294443013,Overall
0,men,18,402082,Overall
1,men,18,408361,Overall
2,men,18,410978,Overall
3,men,18,398943,Overall
4,men,18,393733,Overall
5,men,18,380099,Overall
6,men,18,378881,Overall
7,men,18,370192,Overall
8,men,18,379116,Overall
9,men,18,373887,Overall
10,men,18,383341,Overall
11,men,18,381581,Overall
12,men,18,374579,Overall
13,men,18,378368,Overall
14,men,18,386561,Overall
15,men,18,387438,Overall
16,men,18,395934,Overall
17,men,18,408869,Overall
18,men,18,435928,Overall
19,men,18,454530,Overall
20,men,18,467967,Overall
21,men,18,491057,Overall
22,men,18,487046,Overall
23,men,18,480366,Overall
24,men,18,488576,Overall
25,men,18,503960,Overall
26,men,18,511892,Overall
27,men,18,530016,Overall
28,men,18,579978,Overall
29,men,18,570090,Overall
30,men,18,584198,Overall
31,men,18,570259,Overall
32,men,18,556951,Overall
33,men,18,538944,Overall
34,men,18,533729,Overall
35,men,18,532794,Overall
36,men,18,542053,Overall
37,men,18,534163,Overall
38,men,18,535440,Overall
39,men,18,508867,Overall
40,men,18,501847,Overall
41,men,18,497409,Overall
42,men,18,486195,Overall
43,men,18,474698,Overall
44,men,18,478809,Overall
45,men,18,481345,Overall
46,men,18,522398,Overall
47,men,18,574308,Overall
48,men,18,594783,Overall
49,men,18,639383,Overall
50,men,18,668504,Overall
51,men,18,684228,Overall
52,men,18,701292,Overall
53,men,18,703108,Overall
54,men,18,713090,Overall
55,men,18,703977,Overall
56,men,18,677539,Overall
57,men,18,662644,Overall
58,men,18,637082,Overall
59,men,18,616432,Overall
60,men,18,578689,Overall
61,men,18,560949,Overall
62,men,18,540345,Overall
63,men,18,516948,Overall
64,men,18,498794,Overall
65,men,18,476419,Overall
66,men,18,471077,Overall
67,men,18,457083,Overall
68,men,18,452873,Overall
69,men,18,434182,Overall
70,men,18,392831,Overall
71,men,18,362555,Overall
72,men,18,309855,Overall
73,men,18,265056,Overall
74,men,18,349589,Overall
75,men,18,348468,Overall
76,men,18,329782,Overall
77,men,18,386471,Overall
78,men,18,390499,Overall
79,men,18,368391,Overall
80,men,18,326093,Overall
81,men,18,285975,Overall
82,men,18,256856,Overall
83,men,18,227215,Overall
84,men,18,190985,Overall
85,men,18,136758,Overall
86,men,18,119111,Overall
87,men,18,105079,Overall
88,men,18,93717,Overall
89,men,18,75635,Overall
90,men,18,70245.9486392719,Overall
91,men,18,65622.4142882537,Overall
92,men,18,49383.7838258456,Overall
93,men,18,24730.4618612611,Overall
94,men,18,6807.85452889395,Overall
95,men,18,851.006646897925,Overall
0,women,18,381896,Overall
1,women,18,388013,Overall
2,women,18,391673,Overall
3,women,18,377820,Overall
4,women,18,372898,Overall
5,women,18,359630,Overall
6,women,18,357868,Overall
7,women,18,350421,Overall
8,women,18,359122,Overall
9,women,18,353022,Overall
10,women,18,363004,Overall
11,women,18,359949,Overall
12,women,18,352344,Overall
13,women,18,357392,Overall
14,women,18,365061,Overall
15,women,18,364913,Overall
16,women,18,370583,Overall
17,women,18,378876,Overall
18,women,18,399834,Overall
19,women,18,406572,Overall
20,women,18,423692,Overall
21,women,18,443461,Overall
22,women,18,442477,Overall
23,women,18,436558,Overall
24,women,18,446072,Overall
25,women,18,463132,Overall
26,women,18,473472,Overall
27,women,18,491903,Overall
28,women,18,536481,Overall
29,women,18,532411,Overall
30,women,18,543391,Overall
31,women,18,533376,Overall
32,women,18,526706,Overall
33,women,18,511849,Overall
34,women,18,509626,Overall
35,women,18,512390,Overall
36,women,18,523622,Overall
37,women,18,522353,Overall
38,women,18,525329,Overall
39,women,18,500405,Overall
40,women,18,493223,Overall
41,women,18,488232,Overall
42,women,18,480318,Overall
43,women,18,466735,Overall
44,women,18,474272,Overall
45,women,18,478323,Overall
46,women,18,515871,Overall
47,women,18,565711,Overall
48,women,18,585955,Overall
49,women,18,626442,Overall
50,women,18,655193,Overall
51,women,18,671992,Overall
52,women,18,688474,Overall
53,women,18,688686,Overall
54,women,18,701381,Overall
55,women,18,695389,Overall
56,women,18,674050,Overall
57,women,18,665293,Overall
58,women,18,642613,Overall
59,women,18,623199,Overall
60,women,18,587953,Overall
61,women,18,574142,Overall
62,women,18,558648,Overall
63,women,18,542697,Overall
64,women,18,534749,Overall
65,women,18,517881,Overall
66,women,18,515496,Overall
67,women,18,503090,Overall
68,women,18,500441,Overall
69,women,18,479955,Overall
70,women,18,434360,Overall
71,women,18,407525,Overall
72,women,18,352989,Overall
73,women,18,310937,Overall
74,women,18,410848,Overall
75,women,18,413063,Overall
76,women,18,396284,Overall
77,women,18,478586,Overall
78,women,18,497105,Overall
79,women,18,480735,Overall
80,women,18,435137,Overall
81,women,18,393435,Overall
82,women,18,365701,Overall
83,women,18,336350,Overall
84,women,18,293850,Overall
85,women,18,221140,Overall
86,women,18,204193,Overall
87,women,18,190026,Overall
88,women,18,181385,Overall
89,women,18,155522,Overall
90,women,18,171668.583825473,Overall
91,women,18,181875.009251136,Overall
92,women,18,151787.828797704,Overall
93,women,18,80154.8480400857,Overall
94,women,18,21512.8910096346,Overall
95,women,18,2357.17107900726,Overall
0,men,19,397560,Overall
1,men,19,407210,Overall
2,men,19,411575,Overall
3,men,19,413588,Overall
4,men,19,401776,Overall
5,men,19,396168,Overall
6,men,19,382282,Overall
7,men,19,381535,Overall
8,men,19,372873,Overall
9,men,19,381985,Overall
10,men,19,376669,Overall
11,men,19,386060,Overall
12,men,19,384312,Overall
13,men,19,377121,Overall
14,men,19,380989,Overall
15,men,19,389361,Overall
16,men,19,390458,Overall
17,men,19,398912,Overall
18,men,19,414640,Overall
19,men,19,445475,Overall
20,men,19,462725,Overall
21,men,19,474649,Overall
22,men,19,497629,Overall
23,men,19,494185,Overall
24,men,19,487309,Overall
25,men,19,494331,Overall
26,men,19,508936,Overall
27,men,19,516271,Overall
28,men,19,533893,Overall
29,men,19,582551,Overall
30,men,19,572863,Overall
31,men,19,586239,Overall
32,men,19,572165,Overall
33,men,19,558639,Overall
34,men,19,540359,Overall
35,men,19,535452,Overall
36,men,19,533620,Overall
37,men,19,543069,Overall
38,men,19,534940,Overall
39,men,19,536040,Overall
40,men,19,509370,Overall
41,men,19,502267,Overall
42,men,19,497583,Overall
43,men,19,486715,Overall
44,men,19,474999,Overall
45,men,19,478749,Overall
46,men,19,481428,Overall
47,men,19,521939,Overall
48,men,19,573372,Overall
49,men,19,593452,Overall
50,men,19,637745,Overall
51,men,19,666400,Overall
52,men,19,681623,Overall
53,men,19,698358,Overall
54,men,19,699645,Overall
55,men,19,709145,Overall
56,men,19,699652,Overall
57,men,19,672765,Overall
58,men,19,657265,Overall
59,men,19,631563,Overall
60,men,19,610222,Overall
61,men,19,572499,Overall
62,men,19,554257,Overall
63,men,19,533171,Overall
64,men,19,509304,Overall
65,men,19,490640,Overall
66,men,19,468105,Overall
67,men,19,462222,Overall
68,men,19,448219,Overall
69,men,19,443341,Overall
70,men,19,424241,Overall
71,men,19,383230,Overall
72,men,19,353046,Overall
73,men,19,301078,Overall
74,men,19,256685,Overall
75,men,19,337865,Overall
76,men,19,336110,Overall
77,men,19,317005,Overall
78,men,19,370011,Overall
79,men,19,372039,Overall
80,men,19,349356,Overall
81,men,19,307110,Overall
82,men,19,267416,Overall
83,men,19,238102,Overall
84,men,19,208306,Overall
85,men,19,173057,Overall
86,men,19,122162,Overall
87,men,19,104742,Overall
88,men,19,90999,Overall
89,men,19,79406,Overall
90,men,19,74044.8758277513,Overall
91,men,19,66735.9564528785,Overall
92,men,19,47594.7640174928,Overall
93,men,19,22059.7929847347,Overall
94,men,19,5457.51842351952,Overall
95,men,19,591.900993222989,Overall
0,women,19,377310,Overall
1,women,19,386922,Overall
2,women,19,390840,Overall
3,women,19,394228,Overall
4,women,19,380367,Overall
5,women,19,375311,Overall
6,women,19,361672,Overall
7,women,19,360434,Overall
8,women,19,352934,Overall
9,women,19,361776,Overall
10,women,19,355707,Overall
11,women,19,365603,Overall
12,women,19,362358,Overall
13,women,19,354577,Overall
14,women,19,359517,Overall
15,women,19,367462,Overall
16,women,19,367424,Overall
17,women,19,373026,Overall
18,women,19,383874,Overall
19,women,19,408611,Overall
20,women,19,416144,Overall
21,women,19,431253,Overall
22,women,19,450017,Overall
23,women,19,450406,Overall
24,women,19,444114,Overall
25,women,19,452701,Overall
26,women,19,469206,Overall
27,women,19,479244,Overall
28,women,19,496421,Overall
29,women,19,540917,Overall
30,women,19,536364,Overall
31,women,19,547343,Overall
32,women,19,536845,Overall
33,women,19,530061,Overall
34,women,19,514842,Overall
35,women,19,512634,Overall
36,women,19,515142,Overall
37,women,19,526099,Overall
38,women,19,524539,Overall
39,women,19,527675,Overall
40,women,19,502448,Overall
41,women,19,495161,Overall
42,women,19,490040,Overall
43,women,19,482170,Overall
44,women,19,468273,Overall
45,women,19,475713,Overall
46,women,19,479401,Overall
47,women,19,516858,Overall
48,women,19,566218,Overall
49,women,19,586228,Overall
50,women,19,626200,Overall
51,women,19,654560,Overall
52,women,19,671147,Overall
53,women,19,687250,Overall
54,women,19,687307,Overall
55,women,19,699687,Overall
56,women,19,693290,Overall
57,women,19,671623,Overall
58,women,19,662587,Overall
59,women,19,639728,Overall
60,women,19,619887,Overall
61,women,19,584626,Overall
62,women,19,570501,Overall
63,women,19,554786,Overall
64,women,19,538518,Overall
65,women,19,530406,Overall
66,women,19,513081,Overall
67,women,19,510373,Overall
68,women,19,497899,Overall
69,women,19,494746,Overall
70,women,19,473859,Overall
71,women,19,428232,Overall
72,women,19,401461,Overall
73,women,19,347111,Overall
74,women,19,305152,Overall
75,women,19,402663,Overall
76,women,19,404265,Overall
77,women,19,387280,Overall
78,women,19,466392,Overall
79,women,19,482790,Overall
80,women,19,464990,Overall
81,women,19,418901,Overall
82,women,19,376292,Overall
83,women,19,347235,Overall
84,women,19,316573,Overall
85,women,19,274083,Overall
86,women,19,203742,Overall
87,women,19,185378,Overall
88,women,19,170407,Overall
89,women,19,159831,Overall
90,women,19,175837.610738782,Overall
91,women,19,176261.971802235,Overall
92,women,19,135002.837933792,Overall
93,women,19,62737.4008962281,Overall
94,women,19,14046.6067867119,Overall
95,women,19,1203.20473604,Overall
